License_Holder,Dispensary_Name,Street,City,State,ZIP,Phone,License_Issue_Date,Credential_Number,License_Section
"GTI Mundelein, LLC",Rise,1325 Armour Boulevard,,,,,08/22/2019,284.000001-AUDO,Active Adult Use
"3C Compassionate Care Centers, LLC",Rise,1627 Rock Creek Blvd.,,,,,08/22/2019,284.000002-AUDO,Active Adult Use
"3C Compassionate Care Centers, LLC",Rise,1700 Quincy Ave. #103,,,,,08/22/2019,284.000003-AUDO,Active Adult Use
"Evergreen Dispensary, LLC",Rise,3104 N. Main Street,,,,,08/22/2019,284.000005-AUDO,Active Adult Use
"Phoenix Farms of Illinois, LLC",Sunnyside*,1704 S Neil St. C,Champaign,IL,61820,(217) 441-2076,10/15/2019,284.000006-AUDO,Active Adult Use
"MedMar Rockford, LLC",Sunnyside*,2696 McFarland Rd,Rockford,IL,61107,(815) 314-1900,10/15/2019,284.000007-AUDO,Active Adult Use
"MedMar Lakeview, LLC",Sunnyside*,"3524 N. Clark St. Chicago,, IL 60657",,,,(773) 698-8182,10/15/2019,284.000008-AUDO,Active Adult Use
"PDI Medical III, LLC",Sunnyside*,830 Milwaukee Ave.,,,,,10/15/2019,284.000009-AUDO,Active Adult Use
"FloraMedex, LLC",Sunnyside*,7955 W. Grand Ave.,,,,,10/15/2019,284.000010-AUDO,Active Adult Use
"Mapleglen Care Center, LLC",,,,,,,10/15/2019,284.000011-AUDO,Active Adult Use
"Gentle Ventures, LLC",,,,,,,11/06/2019,284.000012-AUDO,Active Adult Use
"Maribis of Springfield, LLC",,,,,,,11/06/2019,,Active Adult Use
"Maribis of Chicago, LLC",,,,,,,11/06/2019,284.000014-AUDO,Active Adult Use
Pharmacann Inc.,,,,,,,11/19/2019,284.000016-AUDO,Active Adult Use
Pharmacann Inc.,,,,,,,11/19/2019,284.000017-AUDO,Active Adult Use
Pharmacann Inc.,,,,,,,11/19/2019,284.000018-AUDO,Active Adult Use
Midwest Compassion Center Inc.,,,,,,,11/19/2019,284.000019-AUDO,Active Adult Use
"New Age Care, LLC",,,,,,,11/19/2019,284.000022-AUDO,Active Adult Use
"Terra Herbal Health, LLC",,,,,,,11/19/2019,284.000023-AUDO,Active Adult Use
"Curative Health, LLC",,,,,,,11/25/2019,284.000024-AUDO,Active Adult Use
HealthCentral LLC,,,,,,,11/25/2019,284.000025-AUDO,Active Adult Use
HealthCentral LLC,,,,,,,11/25/2019,284.000026-AUDO,Active Adult Use
"Harborside Illinois Grown Medicine, Inc.",,,,,,,11/25/2019,284.000341-AUDO,Active Adult Use
,Nature’s Treatment,,,,,,11/25/2019,284.000028-AUDO,Active Adult Use
EarthMed LLC,EarthMed,852 S. Westgate St.,Addison,IL,60101,(630) 607-0796,11/25/2019,284.000030-AUDO,Active Adult Use
"Future Transactions Holdings, LLC",Dutchess Cannabis – Oak Park,1132 Lake St.,Oak Park,IL,60301,(424) 330-2194,12/11/2019,284.000033-AUDO,Active Adult Use
NuMed Chicago LLC,NuEra,1308 W. North Ave.,Chicago,IL,60642,(773) 687-8480,12/13/2019,284.000035-AUDO,Active Adult Use
NuMed East Peoria LLC,NuEra,504 Riverside Dr. East,Peoria,IL,61611,(309) 839-1330,12/13/2019,284.000036-AUDO,Active Adult Use
NuMed Urbana LLC,NuEra,105 E. University Ave.,Urbana,IL,61801,(217) 607-2867,12/13/2019,284.000037-AUDO,Active Adult Use
"GTI Mundelein, LLC",Rise,2903 Colorado Ave.,Joliet,IL,60431,(815) 773-1167,12/30/2019,284.000044-AUDO,Active Adult Use
"KPG of Anna, LLC",Thrive,87 Richview Dr.,Anna,IL,62906,(616) 715-0887,12/30/2019,284.000045-AUDO,Active Adult Use
"KPG of Harrisburg, LLC",Thrive,105 Veterans Drive,Harrisburg,IL,62946,(616) 715-0882,12/30/2019,284.000046-AUDO,Active Adult Use
"Evergreen Dispensary, LLC",Rise,2703 Broadway St.,Quincy,IL,62301,(309) 204-3904,01/13/2020,284.000047-AUDO,Active Adult Use
"Beyond Hello IL, LLC",Beyond/Hello,2021 Goose Lake Road,Sauget,IL,62206,(309) 434-5141,01/13/2020,284.000048-AUDO,Active Adult Use
"Mindful Illinois, LLC",Hatch,1433 W Fullerton Ave. SteC,Addison,IL,60101,(630) 519-1300,02/14/2020,284.000049-AUDO,Active Adult Use
"NCC, LLC",Nature’s Care Company,,,,,,02/14/2020,284.000050-AUDO,Active Adult Use
"Beyond Hello IL, LLC",Beyond/Hello,501 W Northtown Rd.,Normal,IL,61761,(309) 434-5141,03/11/2020,284.000051-AUDO,Active Adult Use
"MedMar Lakeview, LLC",Sunnyside*,"436 N. Clark St. Chicago, IL, 60654",,,,(312) 929-0993,04/03/2020,284.000053-AUDO,Active Adult Use
"Nature’s Treatment of the Quad Cities, LLC",Nature’s Treatment,"735 W Main St. Galesburg,, IL 61401",,,,(309) 315-4684,04/17/2020,284.000054-AUDO,Active Adult Use
"3C Compassionate Care Centers, LLC",Rise,9621 N. Milwaukee Ave.,Niles,IL,60714,(815) 900-2227,05/21/2020,284.000055-AUDO,Active Adult Use
"Phoenix Farms of Illinois, LLC",Sunnyside*,"369 Lynch Road, Danville, IL. 61834",,,,(217) 903-3576,05/22/2020,284.000056-AUDO,Active Adult Use
"Terra Herbal Health, LLC",Consume Carbondale,"201 E. Main Street, Carbondale, Il. 62901",,,,(618) 969-8217,06/19/2020,284.000058-AUDO,Active Adult Use
"MedMar Rockford, LLC",Sunnyside*,"7000 First Ranger Dr. South, 6660",Beloit,IL,61080,,07/08/2020,284.000059-AUDO,Active Adult Use
"FloraMedex, LLC",Sunnyside*,1739 E. Golf Rd.,Schaumburg,IL,60173,(312) 929-0993,07/31/2020,284.000061-AUDO,Active Adult Use
"NCC, LLC",Nature’s Care Company,810 W. Randolph St.,Chicago,IL,60607,(631) 637-2445,08/30/2020,284.000064-AUDO,Active Adult Use
"Curative Health, LLC",Cannabist–Villa Park,"133 W. Roosevelt Rd. Villa, Park, IL. 60181",,,,(312) 948-9082,09/16/2020,284.000065-AUDO,Active Adult Use
"KPG of Harrisburg, LLC",Thrive,800 S 45th St Mount,Vernon,IL,62864,(618) 204-0096,09/17/2020,284.000066-AUDO,Active Adult Use
"HealthCentral, LLC",Ascend,"3201 Horizon Dr., Springfield, Il. 62703",,,,(217) 718-2936,10/29/2020,284.000069-AUDO,Active Adult Use
"NuMed Chicago, LLC",NuEra,1415 Corporate Blvd,Aurora,IL,60502,(815) 993-3300,11/06/2020,284.000072-AUDO,Active Adult Use
"CWAZ, LLC",Dispensary33,1152 W. Randolph,Chicago,IL,60607,(312) 620-3333,11/06/2020,284.000073-AUDO,Active Adult Use
Harborside Illinois Grown Medicine,Mission,1330 Torrence Ave,Calumet City,IL,60409,(773) 530-0088,12/11/2020,,Active Adult Use
MOCA LLC,Ascend - MOCA,2847 W. Fullerton Ave.,Chicago,IL,60647,(773) 722-6622,12/15/2020,284.000076-AUDO,Active Adult Use
MOCA LLC,Ascend - MOCA,"216 W. Ohio St. Chicago, IL, 60654",,,,(773) 722-6622,12/15/2020,284.000077-AUDO,Active Adult Use
"Beyond Hello IL, LLC",Beyond/Hello,1401 Mississippi Ave Ste 17,Sauget,IL,62201,(618) 874-9800,12/18/2020,284.000079-AUDO,Active Adult Use
"PDI Medical III, LLC.",Sunnyside*,2740 W 75th St,Naperville,IL,60564,(630) 884-8061,12/18/2020,284.000080-AUDO,Active Adult Use
"Earthmed, LLC",EarthMed,,,,,,12/27/2020,284.000082-AUDO,Active Adult Use
"WCCC Homewood, LLC",,Windy City,,,,,03/16/2021,284.000084-AUDO,Active Adult Use
"Beyond Hello, LLC.",Beyond/Hello,,,,,,01/22/2021,284.000085-AUDO,Active Adult Use
"WCCC Posen, LLC",,Windy City,,,,,03/16/2021,284.000086-AUDO,Active Adult Use
"Curaleaf Worth, LLC",Curaleaf,,,,,,03/16/2021,284.000087-AUDO,Active Adult Use
"Curaleaf Justice, LLC",Curaleaf,,,,,,03/16/2021,284.000088-AUDO,Active Adult Use
"Curaleaf Justice 2nd Site, LLC",Curaleaf,,,,,,03/16/2021,284.000089-AUDO,Active Adult Use
"Greenhouse Group, LLC",Curaleaf,,,,,,03/16/2021,284.000090-AUDO,Active Adult Use
"Greenhouse Group, LLC",Curaleaf,,,,,,03/16/2021,284.000091-AUDO,Active Adult Use
"Greenhouse Group, LLC",Curaleaf,,,,,,03/16/2021,284.000092-AUDO,Active Adult Use
"Greenhouse Group, LLC",Curaleaf,,,,,,03/16/2021,284.000093-AUDO,Active Adult Use
"Union Group of Illinois, LLC",Consume Chicago,,,,,,02/09/2021,284.000094-AUDO,Active Adult Use
"Union Group of Illinois, LLC",Consume Oakbrook Terrace,,,,,,02/09/2021,284.000095-AUDO,Active Adult Use
"PC Rosemont, LLC.",Verilife,,,,,,02/19/2021,284.000096-AUDO,Active Adult Use
PC AU 4 LLC.,Verilife,,,,,,02/24/2021,284.000097-AUDO,Active Adult Use
"The Dispensary, LLC",The Dispensary,,,,,,03/04/2021,284.000098-AUDO,Active Adult Use
"PC AU 1, LLC.",Verilife,"60 W Superior St Chicago,, IL 60654-4788",,,,(312) 667-6247,03/09/2021,284.000099-AUDO,Active Adult Use
"WCCC Posen 2nd Site, LLC.",Windy City Cannabis,260 Green Bay Rd.,Highwood,IL,60040,(847) 957-3501,03/11/2021,284.000100-AUDO,Active Adult Use
Mapleglen Care Center,The Happy Cannabis Company,"4120 N Bell School Rd, (TBD)",Loves Park,IL,61111,,03/16/2021,284.000102-AUDO,Active Adult Use
"HealthCentral, LLC",Ascend,114 Commerce Ln Fairview,Heights,IL,62208,,03/17/2021,284.000104-AUDO,Active Adult Use
Mindful Illinois LLC,Hatch Dispensary,1500 E Lake Cook Rd,Wheeling,IL,60090,(224) 434-2320,03/17/2021,284.000105-AUDO,Active Adult Use
"Future Transactions Holdings, LLC",Dutchess Cannabis – Morton Grove,,,,,,03/18/2021,284.000106-AUDO,Active Adult Use
"PC AU 3, LLC.",Verilife,150 N. Barrington Rd.,Schaumburg,IL,60194,(630) 332-9602,03/19/2021,284.000108-AUDO,Active Adult Use
"Greenhouse Compass, LLC",Windy City Cannabis,,,,,,03/19/2021,284.000109-AUDO,Active Adult Use
"3C Compassionate Care Center, LLC",Rise,270 N Randall Rd Lake in,the Hills,IL,60156,(312) 471-6720,03/23/2021,284.000110-AUDO,Active Adult Use
"WCCC Homewood 2nd Site, LLC",Windy City Cannabis,125 S Western Ave,Carpentersville,IL,60110,(312) 874-7040,03/24/2021,284.000111-AUDO,Active Adult Use
"Greenhouse Compass, LLC",Windy City Cannabis,"518 W Jackson St Macomb,, IL 61455-2008 TBD",,,,,03/29/2021,284.000112-AUDO,Active Adult Use
"The Dispensary, LLC",The Dispensary,1709 Il Route 35 N East,Dubuque,IL,61025,(815) 208-7701,03/29/2021,284.000113-AUDO,Active Adult Use
NuMed Urbana LLC,NuEra,"102 E Green St Champaign,, IL 61820",,,,(309) 303-2535,03/29/2021,284.000115-AUDO,Active Adult Use
NuMed East Peoria LLC,NuEra,3249 Court St,Pekin,IL,61554,(309) 839-1330,03/29/2021,284.000116-AUDO,Active Adult Use
"Curaleaf Worth 2nd Site, LLC",Curaleaf,"11 E Ogden Ave, Westmont, IL 6055",,,,(312) 874-7040,03/29/2021,284.000117-AUDO,Active Adult Use
Maribis of Chicago LLC,Maribis,1137 S Mannheim Rd,Westchester,IL,60154,(888) 888-2812,03/29/2021,284.000118-AUDO,Active Adult Use
"Maribis of Springfield, LLC",Maribis,3025 Lindbergh Blvd,Springfield,IL,62704,,03/30/2021,284.000119-AUDO,Active Adult Use
"Greenhouse Group, LLC",Curaleaf,,,,,,03/31/2021,284.000120-AUDO,Active Adult Use
"Greenhouse Group, LLC",Curaleaf,,,,,,03/31/2021,284.000121-AUDO,Active Adult Use
"KPG of Anna, LLC",Thrive,1551 E. 5th St.,Metropolis,IL,62960,(618) 602-2900,03/31/2021,284.000122-AUDO,Active Adult Use
"NAC 2, LLC",Revolution Dispensary – Schaumburg,820 E. Golf Rd.,Schaumburg,IL,60173,(847) 773-0820,03/31/2021,284.000123-AUDO,Active Adult Use
"Ascend Illinois Holdings, LLC",Midway by Ascend,5648 S. Archer Ave.,Chicago,IL,60638,(872) 267-7038,01/05/2022,284.000124-AUDO,Active Adult Use
"Ascend Illinois Holdings, LLC",Ascend,9820 Ridgeland Ave,Chicago Ridge,IL,60415,(872) 250-3890,01/05/2022,,Active Adult Use
"420 Capital Management, LLC",ZenLeaf,783 E Butterfield Rd,Lombard,IL,60148,(630) 716-2517,03/11/2022,284.000127-AUDO,Active Adult Use
"420 Capital Management, LLC",ZenLeaf,,,,,,03/11/2022,284.000128-AUDO,Active Adult Use
"NH Medicinal Dispensaries, LLC",Rise,,,,,,02/28/2022,284.000129-AUDO,Active Adult Use
"NH Medicinal Dispensaries, LLC",Rise,909 Lincoln Ave.,Charleston,IL,61920,(217) 284-6077,02/28/2022,284.000130-AUDO,Active Adult Use
"MME Evanston Retail, LLC",ZenLeaf,,,,,,03/29/2022,284.000131-AUDO,Active Adult Use
"MME Aurora Retail, LLC",ZenLeaf,740 N. Rte. 59,Aurora,IL,60504,(331) 212-8846,03/29/2022,284.000132-AUDO,Active Adult Use
"The Herbal Care Center, Inc.",ZenLeaf,,,,,,04/18/2022,284.000133-AUDO,Active Adult Use
"The Herbal Care Center, Inc.",ZenLeaf,,,,,,04/18/2022,284.000134-AUDO,Active Adult Use
"Elevele, LLC",Zen Leaf,,,,,,05/10/2022,284.000135-AUDO,Active Adult Use
"Elevele, LLC",ZenLeaf,,,,,,05/10/2022,284.000136-AUDO,Active Adult Use
"Herbal Remedies Dispensaries, LLC",Bloom Wellness – Quincy,,,,,,05/12/2022,284.000361-AUDO,Active Adult Use
"Herbal Remedies Dispensaries, LLC",Bloom Wellness – Quincy 2,,,,,,05/12/2022,284.000362-AUDO,Active Adult Use
"Healthway Services of West Illinois, LLC",Zen Leaf,,,,,,05/19/2022,284.000139-AUDO,Active Adult Use
"Healthway Services of West Illinois, LLC.",Zen Leaf,,,,,,05/19/2022,284.000140-AUDO,Active Adult Use
Trinity M.M.J. LLC,,Trinity,,,,,09/12/2022,284.000326-AUDO,Active Adult Use
Trinity M.M.J. LLC,Trinity Compassionate Care Centers,,,,,,09/12/2022,284.000327-AUDO,Active Adult Use
"Green Therapy, LLC.",Ivy Hall - Damen,,,,,,11/10/2022,284.000232-AUDO,Active Adult Use
"GRI HOLDINGS, LLC.",Green Rose - Chicago,,,,,,11/10/2022,284.000248-AUDO,Active Adult Use
"Vise Partners, LLC.",Altius,,,,,,11/15/2022,284.000163-AUDO,Active Adult Use
SB IL LLC,Starbuds,,,,,,01/03/2023,284.000285-AUDO,Active Adult Use
"Americanna Dream,LLC",Ivy Hall – CrystalLake,,,,,,01/18/2023,284.000313-AUDO,Active Adult Use
SB IL 4 HOFFMAN ESTATE LLC,Starbuds – Hoffman Estates,"5 E Golf Rd Hoffman, 0909",Estates,IL,60169,,01/20/2023,284.000271-AUDO,Active Adult Use
CESAM LLC,Bud & Rita's - The Loop,781 N Milwaukee Ave,Wheeling,IL,60090,(847) 307-0100,01/26/2023,284.000142-AUDO,Active Adult Use
"Family Roots, LLC",Grasshopper Club,2551 N Milwaukee Ave 1st,Fl Chicago,IL,60647,(773) 697-3191,02/01/2023,284.000187-AUDO,Active Adult Use
"Kush21 Chicago, LLC.",Kush21 - Jacksonville,1112 Veterans Dr,Jacksonville,IL,62650,(217) 408-1246,02/09/2023,284.000213-AUDO,Active Adult Use
"THF Illinois, LLC DBA Greenlight",Greenlight Dispensary - Park City,"3331 Belvidere Rd Suites B, & C",Park City,IL,60085,,02/27/2023,284.000288-AUDO,Active Adult Use
NLJ Partners LLC,Lux Leaf Dispensary,5539 Miller Circle Dr,Matteson,IL,60443,(708) 905-4500,03/14/2023,284.000296-AUDO,Active Adult Use
Deer Park Partners LLC,Phili Dispensary,"Locke Dr Bourbonnais, IL, 60914",,,,(847) 528-8753,03/21/2023,284.000229-AUDO,Active Adult Use
"World of Weed, INC",Ivy Hall - Waukegan,996 S Waukegan Rd,Waukegan,IL,60085,(855) 489-4255,03/22/2023,284.000180-AUDO,Active Adult Use
Fortunate Sons Partners LLC,Cloud9 Cannabis,505 W Town Center Blvd,Champaign,IL,61822,(217) 866-0905,03/22/2023,284.000259-AUDO,Active Adult Use
"The Homecoming Group, LLC",Ascend by Homecoming,16200 Harlem Ave Tinley,Park,IL,60477,(312) 535-5720,04/10/2023,284.000235-AUDO,Active Adult Use
"Joint Ventures 1, LLC.",Consume – St.Charles,584 S Randall Rd St,Charles,IL,60174,(630) 931-2800,04/17/2023,284.000295-AUDO,Active Adult Use
River Bluff Cannabis Inc.,River Bluff Cannabis,1350 Lake St,Roselle,IL,60172,(847) 306-9916,04/18/2023,284.000205-AUDO,Active Adult Use
"NMG IL 4, LLC.",BaM Body and Mind,3063 W 159th St,Markham,IL,60428,(708) 224-7897,04/20/2023,284.000159-AUDO,Active Adult Use
Fortunate Sons Partners LLC,Cloud9 Cannabis,2341 Plum St,Edwardsville,IL,62025,(618) 685-0801,04/24/2023,284.000304-AUDO,Active Adult Use
"World of Weed, INC",Ivy Hall - Montgomery,"1970 Caterpillar Dr, 2061",Montgomery,IL,60538,(855) 489-5255,04/25/2023,284.000181-AUDO,Active Adult Use
"IllinoisCannabis49, Inc.",AltonDispensary,1400 E Broadway,Alton,IL,62002,(618) 330-0420,05/09/2023,,Active Adult Use
"G+F Ashland, LLC",Spark’d – Wicker Park,1212 N Ashland Ave,Chicago,IL,60622,(708) 856-8924,05/22/2023,,Active Adult Use
"Canna Ventures, LLC",OKAY Cannabis – West Town,1914 W Chicago Ave,Chicago,IL,60622,(312) 804-5316,05/27/2023,,Active Adult Use
"CTY Enterprises, LLC",Green Temple,904 Edwardsville Rd,Troy,IL,62294,(618) 505-0054,06/05/2023,284.000168-AUDO,Active Adult Use
IL- LUSTRIOUS VETERANS' UNIT II LLC,Key Cannabis - Carbondale,1010 E Main St,Carbondale,IL,62901,(618) 457-7322,06/07/2023,284.000215-AUDO,Active Adult Use
"V3 Illinois Vending, LLC",Terrabis - Grayville,105 Koehler St,Grayville,IL,62844,(314) 714-6585,,284.000227-AUDO,Active Adult Use
World of Weed Inc.,Ivy Hall - Bolingbrook,361 S Bolingbrook Drive,Bolingbrook,IL,60440,(855)-489-4255,,284.000183-AUDO,Active Adult Use
"Exxotic Strains, LLC",Aroma Hill,"1237 North Barrington, Road",Hoffman Estates,IL,60169,(773)-936-4527,,284.000287-AUDO,Active Adult Use
"Kana Grove North, LLC",Stash Peru,1320 38th Street,Peru,IL,61354,(815)-224-1137,,284.000170-AUDO,Active Adult Use
"Kana Grove North, LLC",Stash Orland Hills,9545 167th Street,Orland Hills,IL,60467,(708)-428-2296,,284.000281-AUDO,Active Adult Use
Deeprootz LLC,Terrace – Moline,2727 Avenue of the Cities,Moline,IL,61265,,,284.000175-AUDO,Active Adult Use
"INDUS365, LLC",Mystic Greenz - Decatur,5045 Indus Drive,Decatur,IL,62522,(248)-703-3410,,284.000312-AUDO,Active Adult Use
G+F Streamwood LLC,Spark'd Streamwood,1594 Buttitta Drive,Streamwood,IL,60107,,,284.000194-AUDO,Active Adult Use
"Vertical Management Cary, LLC",Vertical Dispensary,20 Northwest Hwy,Cary,IL,60013,847-516-9333,,284.000300-AUDO,Active Adult Use
"Family Roots, LLC",Grasshopper Club - Roosevelt,"58 E. Roosevelt Road, 1st, Floor,",Chicago,IL,60605,(773)-697-3191,,284.000188-AUDO,Active Adult Use
"VILL-OPS, INC (DBA VIOLA)",Viola CHI,"1516 Roosevelt Rd.,",Broadview,IL,60155,(773)-997-0258,,284.000207-AUDO,Active Adult Use
"G+B Winthrop, LLC",Spark'd – Winthrop Harbor,"935 Sheridan Rd, 1633",Winthrop Harbor,IL,60096,,,284.000272-AUDO,Active Adult Use
"World of Weed, INC",Ivy Hall - Glendale Heights,"2130 Bloomingdale Rd,, Unit B, Glendale Heights, IL, 60139",,,,(855)-489-4255,,284.000182-AUDO,Active Adult Use
"KXD PARTNERS, LLC",Karma Club,"1590 N. Clybourn Ave., Chicago, IL, 60642",,,,(773)-454-6751,,284.000263-AUDO,Active Adult Use
NIRVANA MANAGEMENT CORPORATION,Socíale,"1036 W Higgins Rd, Park",Ridge,IL,60068,,,284.000317-AUDO,Active Adult Use
"HIGH HAVEN DISPENSARY, LLC",High Haven Dispensary,"8131 S. Cass Ave, Darien, IL. 60561, (331)777-9993",,,,,,284.000328-AUDO,Active Adult Use
Blounts & Moore LLC,Market 96 - Oswego,"1144 Douglas Road,",Oswego,IL,60543,(847)-687-6604,,284.000238-AUDO,Active Adult Use
"Triumph 7 Investments, LLC",Snap Canna – Elk Grove Village,840 E. Higgins Road,Elk Grove Village,IL,60007,(847)-409-2877,,284.000222-AUDO,Active Adult Use
Holy Vana LLC,Namaste Cannabis & Wellness,6119 A East Avenue,Hodgkins,IL,60525,(708)-402-4232,,284.000279-AUDO,Active Adult Use
"SHARE. Consolidated, LLC",SHARE,"3600 S. 06th St.,",Springfield,IL,62703,(217)-725-5614,,284.000346-AUDO,Active Adult Use
"Parkway Dispensary, LLC",Parkway Dispensary,"2 Donna Drive, Suite 1",Tilton,IL,61833,(219)-309-3090,,284.000173-AUDO,Active Adult Use
"Earth's Design Recreational Dispensary, LLC",Starbuds - Riverside,2704 S. Harlem Ave.,Riverside,IL,60546,(312)-894-0130,,284.000268-AUDO,Active Adult Use
"Navada Labs, LLC",Blyss Dispensary,610B S. 42nd Street,Mount Vernon,IL,62864,,,284.000226-AUDO,Active Adult Use
"Project Equity Illinois, Inc.",Cookies - Bloomington,"1006 Jc Pkwy, 5021",Bloomington,IL,61705,,,284.000321-AUDO,Active Adult Use
Allgreens Dispensary LLC,Thrive Dispensary - Casey,912 N Route 49,Casey,IL,62420,(217)-780-7122,,284.000171-AUDO,Active Adult Use
"Illinois Kindness, LLC",Consume Antioch,"453 Main St, Unit B,",Antioch,IL,60002,(224)-788-7801,,284.000294-AUDO,Active Adult Use
"HeartLand Leaf, LLC",Aroma Hill - Belvidere,1874 Crystal Parkway,Belvidere,IL,61008,(847)-906-8701,10/11/2023,284.000165-AUDO,Active Adult Use
"G+B Richmond, LLC",Spark’d – Richmond,9705 Prairie Rdg,Richmond,IL,60071,,10/18/2023,284.000273-AUDO,Active Adult Use
"Triumph 7 Investments, LLC",Snap Canna - Pontiac,1910 W Reynolds St Unit A,Pontiac,IL,61764,(847)-409-2877,10/24/2023,284.000225-AUDO,Active Adult Use
"Island Thyme, LLC",Be. – Blue Island,"12720 South Western, Avenue, Blue Island, IL, 60406",,,,(708)-277-4154,,284.000245-AUDO,Active Adult Use
"DMR Wellness, LLC.",Lyfe Dispensary,6774 Troy Dr,Rockford,IL,61107,(815) 708-8710,,284.000224-AUDO,Active Adult Use
"ILLINOIS WORKS, LLC",Aroma Hill - Kankakee,2255 E Court St,Kankakee,IL,60901,(815) 421-9420,11/13/2023,284.000219-AUDO,Active Adult Use
"Canndid Spirit Too, LLC",Excelleaf Dispensary,305 E Locust St,Dekalb,IL,60115,(815) 421-9420,11/15/2023,284.000231-AUDO,Active Adult Use
InLabs 3 LLC,Ascend Cannabis Outlet by InLabs,39 W North Ave,Northlake,IL,60164,(708) 546-3039,11/16/2023,284.000197-AUDO,Active Adult Use
"Indus365 Lincoln, LLC",Mystic Greenz - Lincoln,1120 Woodlawn Rd,Lincoln,IL,62656,(217) 651-6968,11/20/2023,284.000353-AUDO,Active Adult Use
"Green & Campbell, LLC",Glenwood Dispensary,18425 S Halsted St,Glenwood,IL,60425,(708) 964-0420,11/21/2023,284.000149-AUDO,Active Adult Use
"Planet 13 Illinois, LLC",Planet 13 - Waukegan,4000 Northpoint Blvd,Waukegan,IL,60085,,11/22/2023,284.000162-AUDO,Active Adult Use
Bolden Investments I LLC,Stashouse - Moline,4301 44th Ave,Moline,IL,61265,,11/22/2023,284.000174-AUDO,Active Adult Use
"GRI HOLDINGS, LLC",Green Rose - Lincolnwood,4656 W Touhy Ave,Lincolnwood,IL,60712,,,284.000249-AUDO,Active Adult Use
"PROJECT EQUITY ILLINOIS, INC",Cookies - Peoria Heights,1209 E War Memorial Dr,Peoria Heights,IL,61616,,,284.000319-AUDO,Active Adult Use
"EARTHMED, LLC",Earthmed - McHenry,1711 N Richmond Rd,McHenry,IL,60051,(779) 244-5817,,284.000144-AUDO,Active Adult Use
"World of Weed, INC",Ivy Hall - Peoria,3929 W. War Memorial Dr,Peoria,IL,61615,,12/12/2023,284.000230-AUDO,Active Adult Use
Green Skies - Illinois 1 LLC,Noxx - East Peoria,300 S Main St,East Peoria,IL,61611,,,284.000209-AUDO,Active Adult Use
Bolden Investments III LLC,High Profile Cannabis Shop,4211 Conestoga Dr,Springfield,IL,62711,(217) 993-8576,,284.000178-AUDO,Active Adult Use
"World of Weed, INC",Ivy Hall - Logan Square,3115 W Armitage Ave,Chicago,IL,60647,(773) 828-6259,,284.000184-AUDO,Active Adult Use
Mint Ventures LLC,Cookies - Chicago,215 N Clinton St,Chicago,IL,60661,(312) 313-7374,,284.000157-AUDO,Active Adult Use
"G+F Wabash, LLC",Spark'd Dispensary - South Loop,2114 S Wabash Ave,Chicago,IL,60616,(312) 253-1504,,284.000192-AUDO,Active Adult Use
Bolden Investments I LLC,Stashouse - Maryville,2533 Vandalia St,Collinsville,IL,62234,(618) 855-1080,,284.000167-AUDO,Active Adult Use
CESAM LLC,OKAY Cannabis Dispensary - Evanston,100 Chicago Ave,Evanston,IL,60202,(773) 257-7559,,284.000143-AUDO,Active Adult Use
Galaxy 1 Inc.,Stash – Richton Park,22214 Governors Hwy,Richton Park,IL,60471,,,284.000244-AUDO,Active Adult Use
"Fly Society Group of Aurora, LLC",AuraLight - Aurora,1350 N Orchard Rd,Aurora,IL,60506,(331) 249-8900,,284.000190-AUDO,Active Adult Use
"Botavi Wellness, LLC",Nirvana Dispensary – Palatine,333 East Lake Cook Rd,Palatine,IL,60074,(847) 637-5740,,284.000250-AUDO,Active Adult Use
Island Thyme LLC,Be. - Oak Forest,5940 159th St,Oak Forest,IL,60452,(708)-575-4313,,284.000246-AUDO,Active Adult Use
"Subsero Emerald Ops, LLC",Terrace - Alton,1400 E Broadway,Alton,IL,62002,(618) 330-0420,,284.000258-AUDO,Active Adult Use
Veltiste ILLINOIS LLC,Bisa Lina – Carol Stream,"720 E North Ave, 2129",Carol Stream,IL,60188,(630)-332-8822,,284.000318-AUDO,Active Adult Use
GRD ILLINOIS LLC,Green Releaf - Bourbonnais,"1660 N State Route 50, 9304",Bourbonnais,IL,60914,(779)-701-5159,,284.000311-AUDO,Active Adult Use
"Canna Verde, LLC",Ivy Hall - Streamwood,"630 S Sutton Rd, 2368",Streamwood,IL,60107,(224)-331-0237,,284.000141-AUDO,Active Adult Use
"ILLINOIS WORKS, LLC",Aroma Hill - Fox Lake,1298 S US Highway 12,Fox Lake,IL,60020,(845)-865-8420,,284.000154-AUDO,Active Adult Use
KAP-JG LLC,Sway,3340 N Halsted St,Chicago,IL,60657,,,284.000200-AUDO,Active Adult Use
Fello Inc.,Cloud 9 - East Peoria,406 W Camp St,East Peoria,IL,61611,(309) 209-5001,,284.000303-AUDO,Active Adult Use
"Green and Randle, LLC",Bud and Rita's – Chicago,3425 W Belmont Ave,Chicago,IL,60618,,,284.000276-AUDO,Active Adult Use
"Seven Point of Illinois, LLC",Seven Point - Danville,380 Eastgate Dr,Danville,IL,61834,(217) 481-3420,,284.000316-AUDO,Active Adult Use
"TATICH 3, LLC",Village Dispensary - Godfrey,110 Homer M Adams Pkwy,Alton,IL,62002,(618) 208-7833,,284.000234-AUDO,Active Adult Use
"Emerald Coast, LLC",Emerald - Island Lake,660 E State Rd,Island Lake,IL,60042,(224) 588-3838,,284.000256-AUDO,Active Adult Use
Herban Quality Control,Shangri La Dispensary,3128 S Dirksen Pkwy,Springfield,IL,62703,(217) 679-1568,,284.000220-AUDO,Active Adult Use
"HIGH HAVEN DISPENSARY, LLC",HIGH HAVEN DISPENSARY,106 Mall Dr,Normal,IL,61761,(309) 585-2500,,284.000332-AUDO,Active Adult Use
"PROJECT EQUITY ILLINOIS, INC.",Cookies - Pontoon Beach,"5111 State Route 111, 6723",Pontoon Beach,IL,62040,(618) 477-1828,,284.000320-AUDO,Active Adult Use
"Exxotic Strains, LLC",Aroma Hill - Peoria,1210 W Glen Ave,Peoria,IL,61614,(309) 839-4080,,284.000265-AUDO,Active Adult Use
"GRD Illinois, LLC",Green Releaf - Villa Park,305 W North Ave,Villa Park,IL,60181,(331) 225-0986,,284.000148-AUDO,Active Adult Use
"Lighthouse Dispensing Company, LLC",Herb Social,"616 12th St, 2318",Lawrenceville,IL,62439,(773) 360-3545,,284.000172-AUDO,Active Adult Use
KAP-JG LLC,NuEra - East Dubuque,"20170 US Highway 20 W, 9473",East Dubuque,IL,61025,(815)-888-7220,,284.000211-AUDO,Active Adult Use
"EUPHORIA, LLC",Mission - Norridge,4113 N Harlem Ave,Norridge,IL,60706,(773)-530-0088,,284.000147-AUDO,Active Adult Use
Perception Cannabis Chicago South LLC,Perception Cannabis,7000 N Clark St,Chicago,IL,60626,(872) 302-4920,,284.000297-AUDO,Active Adult Use
ILLINOIS CANNABIS COMPANY LLC,Bud and Rita's - Niles,5960 W Touhy Ave,Niles,IL,60714,(773) 207-7939,,284.000280-AUDO,Active Adult Use
"SEquity Venture, LLC",The Dispensary Champaign,1826 Glenn Park Dr,Champaign,IL,61821,(815) 208-7701,,284.000216-AUDO,Active Adult Use
"LAND OF LINCOLN DISPENSARY, LLC",Bloom Wellness – Hometown,4140 Southwest Hwy,Hometown,IL,60456,(708) 549-0420,,284.000363-AUDO,Active Adult Use
"Vill-Ops, Inc",Village Bucktown,1850 W Webster Ave,Chicago,IL,60614,(312) 598-0022,,284.000208-AUDO,Active Adult Use
Blounts&Moore LLC,Market 96 - S Wells Street,529 S Wells St Ste 100,Chicago,IL,60607,(312) 218-0191,,284.000237-AUDO,Active Adult Use
"Indus365 Olivebranch, LLC",Mystic Greenz - Olive Branch,26650 IL State Route 3,Olive Branch,IL,62969,(618) 776-7130,,284.000354-AUDO,Active Adult Use
"Altius CS Management, LLC",Altius Dispensary - Carol Stream,"506 S Schmale Rd, 2419",Carol Stream,IL,60188,(815) 347-3150,,284.000274-AUDO,Active Adult Use
"CLOUD 9 OSWEGO, LLC",Cloud 9 - Oswego,2420 US Highway 30,Oswego,IL,60543,(630) 451-8060,,284.000292-AUDO,Active Adult Use
"LAND OF LINCOLN DISPENSARY, LLC",Bloom Wellness – Normal,1730 Bradford Ln Ste 185,Normal,IL,61761,(309) 571-1420,,284.000364-AUDO,Active Adult Use
"Revolution Dispensary Normal, LLC",Revolution Dispensary - Normal,"1609 Northbrook Dr, (309)260-2609",Normal,IL,61761,,,284.000221-AUDO,Active Adult Use
"TC Investment Fox Lake, LLC",Smokehouse Fox Lake,44 S US Highway 12,Fox Lake,IL,60020,(224) 331-0848,,284.000347-AUDO,Active Adult Use
"Subsero Rock Island Ops, LLC",Terrace Cannabis - Milan,800 Tech Dr,Milan,IL,61264,(309) 907-0420,,284.000176-AUDO,Active Adult Use
Holistic Illinois LLC,High Profile - Martinsville,3001 N York St,Martinsville,IL,62442,(217) 336-2756,,284.000305-AUDO,Active Adult Use
Santiago Ventures,Green Rose - Harwood Heights,"4660 N Harlem Ave, Harwood Heights, IL, 60706-4714",,,,(708) 716-8200,,284.000348-AUDO,Active Adult Use
"127 IL, LLC",High Profile - Metropolis,1801 E 5th St,Metropolis,IL,62960,(618) 940-1900,,284.000314-AUDO,Active Adult Use
"Botavi Wellness, LLC",Nirvana Dispensary – Lake Zurich,676 S Rand Rd,Lake Zurich,IL,60047,(847) 463-3157,,284.000251-AUDO,Active Adult Use
"Green and Williams, LLC",Parkway – Forest Park,7432 Madison St.,Forest Park,IL,60130,(708) 294-2111,,284.000150-AUDO,Active Adult Use
"Blue Leaf, LLC",Hi Five - Crestwood,13352 Cicero Ave,Crestwood,IL,60418,(708) 274-2365,,284.000290-AUDO,Active Adult Use
"Mint IL, LLC",Mint - Willowbrook,"900 75th St, 7577",Willowbrook,IL,60527,,,284.000156-AUDO,Active Adult Use
"HIGHLIFE GROUP, LLC",Mood Shine – Chicago Heights,"628 W Lincoln Hwy, 2305",Chicago Heights,IL,60411,(708)-833-8474,,284.000333-AUDO,Active Adult Use
"High Haven Dispensary, LLC",High Haven – Elgin,15 Clock Tower Plz,Elgin,IL,60120,(224) 238-3328,,284.000329-AUDO,Active Adult Use
"Family Trees, LLC",Redemption Botanicals - Fox Lake,"107 Towne Centre Ln # 31, Lakeland Shopping Center",Fox Lake,IL,60020,(847) 888-8300,,284.000269-AUDO,Active Adult Use
"Green and Alamo, LLC",Goodies - Streamwood,"1594 Buttitta Dr, 2295",Streamwood,IL,60107,(630) 313-4316,10/01/2024,284.000270-AUDO,Active Adult Use
Green Star Equity LLC,BLOC Dispensary Kedzie,3545 N Kedzie Ave,Chicago,IL,60618,(773) 295-8621,10/09/2024,284.000278-AUDO,Active Adult Use
SO BAKED TOO LLC,Terrabis,16020 S Route 59,Plainfield,IL,60586,(815) 846-5055,10/18/2024,284.000286-AUDO,Active Adult Use
Indus365 Belleville LLC,Mystic Greenz - Belleville,360 S Green Mount Rd,Belleville,IL,62221,(618) 825-9280,10/22/2024,284.000330-AUDO,Active Adult Use
KAP-JG LLC,nuEra - Dekalb,818 W Lincoln Hwy Ste 7,Dekalb,IL,60115,(779) 270-2053,11/01/2024,284.000201-AUDO,Active Adult Use
Renu LLC,Bloc Dispensary Northfield,161 Waukegan Rd,Northfield,IL,60093,(847) 637-8400,11/01/2024,284.000324-AUDO,Active Adult Use
"Elevated Institute, LLC",Ash & Ivy - Benton,9 N Rend Lake Plz,Benton,IL,62812,(618) 663-3085,11/01/2024,284.000349-AUDO,Active Adult Use
"Northern Cardinal Ventures, LLC",Beyond/Hello - Peoria,"7620 N IL Rt 91, Suite A",Peoria,IL,61615,(309)-413-0058,11/04/2024,284.000233-AUDO,Active Adult Use
ALTIUS CS LLC,Altius Dispensary - Orland Hills,9101 159th St,Orland Hills,IL,60487,(464)-888-6249,11/04/2024,284.000275-AUDO,Active Adult Use
KWB ONE LLC,NOBO,27500 IL 120,Lakemoor,IL,60051,(312) 890-3392,11/22/2024,284.000282-AUDO,Active Adult Use
JG IL LLC,Bloc Dispensary Metropolis,2125 E 5th St,Metropolis,IL,62960,(618) 327-0122,11/22/2024,284.000340-AUDO,Active Adult Use
Highly Recommend LLC,Terrabis - Dixon,1679 S Galena Ave,Dixon,IL,61021,(815) 846-6366,12/12/2024,284.000351-AUDO,Active Adult Use
"WAH GROUP, LLC",Cloudhaven - South Beloit,1322 Gardner St,South Beloit,IL,61080,(779)-475-0059,,284.000166-AUDO,Active Adult Use
"Reece Ventures, LLC",Prairie Cannabis - Naperville,4S120 N Route 59,Warrenville,IL,60563,(331) 249-6532,,284.000350-AUDO,Active Adult Use
"Green and Randle, LLC",Bud and Rita's - Wadsworth,41509 N US Highway 41,Wadsworth,IL,60083,(313) 367-0156,,284.000277-AUDO,Active Adult Use
"UHCC, Inc.",Bridge City Collective – East Dubuque,"122 Sinsinawa Ave, 1219",East Dubuque,IL,61025,(563) 207-4123,,284.000307-AUDO,Active Adult Use
SB IL 3 WESTMONT LLC,Starbuds – WM,101 W Ogden Ave,Westmont,IL,60559,(331) 233-6361,,284.000164-AUDO,Active Adult Use
Flower Points LLC,Terrabis - Woodstock,601 S Eastwood Dr,Woodstock,IL,60098,(815) 846-2084,,284.000315-AUDO,Active Adult Use
AmeriCanna Dream LLC,Ivy Hall - Edwardsville,"6197 Old Alton, Edwardsville Rd",Edwardsville,IL,62025,(618) 655-1960,,284.000302-AUDO,Active Adult Use
NMG 1 LLC,Dutchess Cannabis - Lynwood,20513 Torrence Ave,Lynwood,IL,60411,(708) 400-1818,,284.000158-AUDO,Active Adult Use
"High Hopes, LLC",Prairie Cannabis – South Loop,622 W Roosevelt Rd,Chicago,IL,60607,(312) 763-6052,,284.000293-AUDO,Active Adult Use
InLabs 1 LLC,Dutchess Cannabis N. Riverside,"8380 W Cermak Rd, 1425",North Riverside,IL,60546,(708) 323-1799,,284.000334-AUDO,Active Adult Use
"Botavi Wellness, LLC",Nirvana Dispensary – Mt. Carmel,"825 Chestnut St, 1456",Mount Carmel,IL,62863,(618) 353-1056,,284.000255-AUDO,Active Adult Use
"Botavi Wellness, LLC",Nirvana Dispensary – Chicago,2301 W Lawrence Ave,Chicago,IL,60625,(872) 314-1315,,284.000252-AUDO,Active Adult Use
"Latino Veterans Health and Revival, LLC",Cookies – Bolingbrook,190 S Weber Rd,Bolingbrook,IL,60490,(331) 444-1414,,284.000284-AUDO,Active Adult Use
"Ocean Capital IL, Inc.",Tree Haus – Morris,50 Gore Rd,Morris,IL,60450,(815) 513-3194,,284.000160-AUDO,Active Adult Use
"TC Applico, LLC",Bloc - Forest Park,7216 Circle Ave,Forest Park,IL,60130,,,284.000299-AUDO,Active Adult Use
MariGrow Inc.,UMI – Chicago,2575 N Lincoln Ave,Chicago,IL,60614,(773) 770-3531,,284.000155-AUDO,Active Adult Use
"NIRVANA CENTER ILLINOIS, LLC",True Essence – Arlington Heights,"792 E Rand Rd, Arlington Heights, IL, 60004-4006",,,,(847) 909-7557,,284.000204-AUDO,Active Adult Use
JG IL LLC,Bloc Dispensary – Berwyn,7122 Ogden Ave,Berwyn,IL,60402,(708) 323-2973,,284.000343-AUDO,Active Adult Use
"Ellana, LLC",Dr Greenthumb's Chicago,2200 N Ashland Ave,Chicago,IL,60614,(872) 252-7799,,284.000186-AUDO,Active Adult Use
"People Dispensary, LLC",Vertical People Dispensary,300 Washington Ave,Cairo,IL,62914,(618) 805-5111,,284.000355-AUDO,Active Adult Use
"FORSYTH RETAIL OPERATIONS, LLC",Bud and Rita's - Forsyth,1401 Hickory Point Dr,Forsyth,IL,62535,(217) 759-1704,,284.000218-AUDO,Active Adult Use
"24TH REGIMENT - LATINO VETERANS' UNIT, LLC",Hi-Rise Dispensary,1795 N Barrington Road,Hoffman Estates,IL,60194,(847)-648-7069,10/15/2025,284.000185-AUDO,Active Adult Use
G P Green House LLC,Guaranteed Dispensary,620 N Fairbanks Ct,Chicago,IL,60611,(312)-599-0033,,284.000191-AUDO,Active Adult Use
KAP-JG LLC,nuEra Chicago Southland,16950 Halsted St,Harvey,IL,60426,(708) 566-5218,11/20/2025,284.000202-AUDO,Active Adult Use
"High Haven Dispensary, LLC",The Carbondale Dispensary,613 E Main St,Carbondale,IL,62901,(618)-552-0420,12/15/2025,284.000331-AUDO,Active Adult Use
Puffin Paradise LLC,Cloud 9 Cannabis - Schaumburg,1823 W Wise Rd,Schaumburg,IL,60193,(630)-450-0150,12/16/2025,284.000356-AUDO,Active Adult Use
"TC Applico, LLC",Bloc Dispensary - Mattoon,511 Lake Land Blvd,Mattoon,IL,61938,,12/18/2025,284.000306-AUDO,Active Adult Use
"Pure Zen, LLC",Starbuds - Summitt,5436 S Harlem Ave,Summit,IL,60501,(708)-701-2122,12/18/2025,284.000358-AUDO,Active Adult Use
ReNu LLC,Bloc Dispensary - Antioch,417 E Il Route 173 Unit 106,Antioch,IL,60002,,12/19/2025,284.000338-AUDO,Active Adult Use
"Illinois Health & Wellness, LLC",Supergood Store,660 N Wolf Rd,Des Plaines,IL,60016,(249)-319-0420,12/26/2025,284.000196-AUDO,Active Adult Use
"Ocean Capital IL, Inc.",Tree Haus - Diamond,2910 E Division St,Diamond,IL,60416,,,284.000161-AUDO,Active Adult Use
KAP-JG LLC,Aces Dispensary - Plainfield,12627 S Route 59,Plainfield,IL,60585,(779)-252-1824,,284.000198-AUDO,Active Adult Use
"HAAAY, LLC",Terrabis - Mundelein,3210 W Il Route 60,Mundelein,IL,60060,(847)-581-8181,,284.000153-AUDO,Active Adult Use
WUNDERLAND DISPENSARIES LLC,Lakeshore Cannabis Club,1335 Lakeside Dr Unit 4,Romeoville,IL,60446,(630)-755-4176,,284.000367-AUDO,Active Adult Use
"Kechwa, LLC",Cannabis Outlet by Consume,5N105 Route 53,Itasca,IL,60143,(630)-425-6500,,284.000203-AUDO,Active Adult Use
Blounts&Moore LLC,Market 96 - Belleville,7300 Twin Pyramid Pkwy,Belleville,IL,62223,(618)-206-1305,,284.000241-AUDO,Active Adult Use
Greenhouse Gratitude SE LLC,Dutchess Cannabis - Batavia,144 S Randall Rd,Batavia,IL,60510,(617) 453-4042,,284.000359-AUDO,Active Adult Use
Hyghroad LLC,Cannect Dispensary,"3147 Mannheim Rd, 2303",Franklin Park,IL,60131,(630)-359-8255,,284.000370-AUDO,Active Adult Use
"Glacier Dispensary, LLC",Bisa Lina - Joliet,2121 W Jefferson St,Joliet,IL,60435,(630)-332-9436,,284.000366-AUDO,Active Adult Use
"ILLINOIS HEALTH & WELLNESS, LLC",284.000221-CL,7/22/2022,,,,,,284.000221-CL,Active Adult Use
"PROJECT EQUITY ILLINOIS, INC.",284.000321-CL,8/12/2022,,,,,,284.000321-CL,Active Adult Use
"LAND OF LINCOLN DISPENSARY, LLC",284.000325-CL,08/19/2022,,,,,08/19/2022,284.000325-CL,Active Adult Use
"HIGH HAVEN DISPENSARY, LLC",284.000332-CL,09/20/2022,,,,,09/20/2022,284.000332-CL,Active Adult Use
BLOUNTS&MOORE,284.000236-CL,7/22/2022,,,,,,284.000236-CL,Active Adult Use
"DO MOR DEVELOPMENT, LLC",284.000214-CL,7/22/2022,,,,,,284.000214-CL,Active Adult Use
"TRU ESSENCE GROUP, LLC",284.000322-CL,8/12/2022,,,,,,284.000322-CL,Active Adult Use
IL-LUSTRIOUS VETERANS' UNIT II LLC,284.000215-CL,7/22/2022,,,,,,284.000215-CL,Active Adult Use
"SOCIAL EQUITY INVESTMENTS, L.L.C.",284.000228-CL,7/22/2022,,,,,,284.000228-CL,Active Adult Use
TOFINO SHORELINE PARTNERS LLC,284.000264-CL,7/22/2022,,,,,,284.000264-CL,Active Adult Use
"HIGH HAVEN DISPENSARY, LLC",284.000331-CL,09/20/2022,,,,,09/20/2022,284.000331-CL,Active Adult Use
FORTUNATE SON PARTNERS LLC,284.000259-CL,7/22/2022,,,,,,284.000259-CL,Active Adult Use
"SEQUITY VENTURES, LLC",284.000216-CL,7/22/2022,,,,,,284.000216-CL,Active Adult Use
"DSG OPCO IL, LLC",284.000310-CL,7/29/2022,,,,,,284.000310-CL,Active Adult Use
24TH REGIMENT - LATINO VETERANS' UNIT LLC,284.000185-CL,7/22/2022,,,,,,284.000185-CL,Active Adult Use
"BIO-PHARM, LLC",284.000266-CL,7/22/2022,,,,,,284.000266-CL,Active Adult Use
BLOUNTS&MOORE,284.000237-CL,7/22/2022,,,,,,284.000237-CL,Active Adult Use
BLOUNTS&MOORE,284.000238-CL,7/22/2022,,,,,,284.000238-CL,Active Adult Use
BLOUNTS&MOORE,284.000239-CL,7/22/2022,,,,,,284.000239-CL,Active Adult Use
BLOUNTS&MOORE,284.000240-CL,7/22/2022,,,,,,284.000240-CL,Active Adult Use
BOTAVI WELLNESS LLC,284.000250-CL,7/22/2022,,,,,,284.000250-CL,Active Adult Use
BOTAVI WELLNESS LLC,284.000251-CL,7/22/2022,,,,,,284.000251-CL,Active Adult Use
BOTAVI WELLNESS LLC,284.000252-CL,7/22/2022,,,,,,284.000252-CL,Active Adult Use
BOTAVI WELLNESS LLC,284.000253-CL,7/22/2022,,,,,,284.000253-CL,Active Adult Use
"CANNA VENTURES, LLC",284.000267-CL,7/22/2022,,,,,,284.000267-CL,Active Adult Use
CANNA VERDE LLC,284.000141-CL,7/22/2022,,,,,,284.000141-CL,Active Adult Use
"CESAM, LLC",284.000142-CL,7/22/2022,,,,,,284.000142-CL,Active Adult Use
"CESAM, LLC",284.000143-CL,7/22/2022,,,,,,284.000143-CL,Active Adult Use
"EARTHMED, LLC",284.000144-CL,7/22/2022,,,,,,284.000144-CL,Active Adult Use
"EARTH'S DESIGNRECREATIONAL DISPENSARY, LLC",284.000268-CL,7/22/2022,,,,,,284.000268-CL,Active Adult Use
EEL - ILLINOIS LLC,284.000145-CL,7/22/2022,,,,,,284.000145-CL,Active Adult Use
EEL - ILLINOIS LLC,284.000146-CL,7/22/2022,,,,,,284.000146-CL,Active Adult Use
"ELLANA, LLC",284.000186-CL,7/22/2022,,,,,,284.000186-CL,Active Adult Use
"EMERALD COAST, LLC",284.000256-CL,7/22/2022,,,,,,284.000256-CL,Active Adult Use
"EMERALD COAST, LLC",284.000257-CL,7/22/2022,,,,,,284.000257-CL,Active Adult Use
"EUPHORIA, LLC",284.000147-CL,7/22/2022,,,,,,284.000147-CL,Active Adult Use
"FAMILY ROOTS, LLC",284.000187-CL,7/22/2022,,,,,,284.000187-CL,Active Adult Use
"FAMILY ROOTS, LLC",284.000188-CL,7/22/2022,,,,,,284.000188-CL,Active Adult Use
"FAMILY ROOTS, LLC",284.000189-CL,7/22/2022,,,,,,284.000189-CL,Active Adult Use
FAMILY TREES LLC,284.000269-CL,7/22/2022,,,,,,284.000269-CL,Active Adult Use
"FLY SOCIETY GROUP OF AURORA, LLC",284.000190-CL,7/22/2022,,,,,,284.000190-CL,Active Adult Use
G P GREEN HOUSE LLC,284.000191-CL,7/22/2022,,,,,,284.000191-CL,Active Adult Use
GRD ILLINOIS LLC,284.000148-CL,7/22/2022,,,,,,284.000148-CL,Active Adult Use
"GREEN & ALAMO, LLC",284.000270-CL,7/22/2022,,,,,,284.000270-CL,Active Adult Use
"GREEN & BRANSFORD, LLC",284.000271-CL,7/22/2022,,,,,,284.000271-CL,Active Adult Use
"GREEN & BRANSFORD, LLC",284.000272-CL,7/22/2022,,,,,,284.000272-CL,Active Adult Use
"GREEN & BRANSFORD, LLC",284.000273-CL,7/22/2022,,,,,,284.000273-CL,Active Adult Use
"GREEN & BRANSFORD, LLC",284.000274-CL,7/22/2022,,,,,,284.000274-CL,Active Adult Use
"GREEN & BRANSFORD, LLC",284.000275-CL,7/22/2022,,,,,,284.000275-CL,Active Adult Use
"GREEN & BRADLEY, LLC",284.000260-CL,7/22/2022,,,,,,284.000260-CL,Active Adult Use
"GREEN & BRADLEY, LLC",284.000261-CL,7/22/2022,,,,,,284.000261-CL,Active Adult Use
"GREEN & BRADLEY, LLC",284.000262-CL,7/22/2022,,,,,,284.000262-CL,Active Adult Use
"GREEN & CAMPBELL, LLC",284.000149-CL,7/22/2022,,,,,,284.000149-CL,Active Adult Use
"GREEN & FOSTER, LLC",284.000192-CL,7/22/2022,,,,,,284.000192-CL,Active Adult Use
"GREEN & FOSTER, LLC",284.000193-CL,7/22/2022,,,,,,284.000193-CL,Active Adult Use
"GREEN & FOSTER, LLC",284.000194-CL,7/22/2022,,,,,,284.000194-CL,Active Adult Use
"GREEN & RANDLE, LLC",284.000276-CL,7/22/2022,,,,,,284.000276-CL,Active Adult Use
"GREEN & RANDLE, LLC",284.000277-CL,7/22/2022,,,,,,284.000277-CL,Active Adult Use
"GREEN & WILLIAMS, LLC",284.000150-CL,7/22/2022,,,,,,284.000150-CL,Active Adult Use
"GREEN & WILLIAMS, LLC",284.000151-CL,7/22/2022,,,,,,284.000151-CL,Active Adult Use
GREEN STAR,284.000278-CL,7/22/2022,,,,,,284.000278-CL,Active Adult Use
GREEN THERAPY LLC,284.000232-CL,7/22/2022,,,,,,284.000232-CL,Active Adult Use
"GREENLEAF INVESTMENT OPERATIONS, LLC",284.000195-CL,7/22/2022,,,,,,284.000195-CL,Active Adult Use
"GRI HOLDINGS, LLC",284.000248-CL,7/22/2022,,,,,,284.000248-CL,Active Adult Use
"GRI HOLDINGS, LLC",284.000249-CL,7/22/2022,,,,,,284.000249-CL,Active Adult Use
"GWB ILLINOIS, LLC (DBA GREENWELL)",284.000152-CL,7/22/2022,,,,,,284.000152-CL,Active Adult Use
"HAAAYY, LLC",284.000153-CL,7/22/2022,,,,,,284.000153-CL,Active Adult Use
"HOLY VANA, LLC",284.000279-CL,7/22/2022,,,,,,284.000279-CL,Active Adult Use
"ILLINOIS CANNABIS COMPANY, LLC",284.000280-CL,7/22/2022,,,,,,284.000280-CL,Active Adult Use
"ILLINOIS HEALTH & WELLNESS, LLC",284.000196-CL,7/22/2022,,,,,,284.000196-CL,Active Adult Use
"ILLINOIS WORKS, LLC",284.000154-CL,7/22/2022,,,,,,284.000154-CL,Active Adult Use
INLABS I LLC,284.000197-CL,7/22/2022,,,,,,284.000197-CL,Active Adult Use
"ISLAND THYME, LLC.",284.000245-CL,7/22/2022,,,,,,284.000245-CL,Active Adult Use
"ISLAND THYME, LLC.",284.000246-CL,7/22/2022,,,,,,284.000246-CL,Active Adult Use
KANA GROVE NORTH LLC,284.000281-CL,7/22/2022,,,,,,284.000281-CL,Active Adult Use
KAP-JG LLC,284.000198-CL,7/22/2022,,,,,,284.000198-CL,Active Adult Use
KAP-JG LLC,284.000199-CL,7/22/2022,,,,,,284.000199-CL,Active Adult Use
KAP-JG LLC,284.000200-CL,7/22/2022,,,,,,284.000200-CL,Active Adult Use
KAP-JG LLC,284.000201-CL,7/22/2022,,,,,,284.000201-CL,Active Adult Use
KAP-JG LLC,284.000202-CL,7/22/2022,,,,,,284.000202-CL,Active Adult Use
"KECHWA, LLC",284.000203-CL,7/22/2022,,,,,,284.000203-CL,Active Adult Use
KWB ONE LLC,284.000282-CL,7/22/2022,,,,,,284.000282-CL,Active Adult Use
KWB ONE LLC,284.000283-CL,7/22/2022,,,,,,284.000283-CL,Active Adult Use
"KXD PARTNERS, LLC",284.000263-CL,7/22/2022,,,,,,284.000263-CL,Active Adult Use
LATINO VETERANS HEALTH AND REVIVAL LLC,284.000284-CL,7/22/2022,,,,,,284.000284-CL,Active Adult Use
MARIGROW INC.,284.000155-CL,7/22/2022,,,,,,284.000155-CL,Active Adult Use
"MINT IL, LLC",284.000156-CL,7/22/2022,,,,,,284.000156-CL,Active Adult Use
MINT VENTURES LLC,284.000157-CL,7/22/2022,,,,,,284.000157-CL,Active Adult Use
"MORGAN AND HOPE, LLC; DBA 64 & HOPE",284.000243-CL,7/22/2022,,,,,,284.000243-CL,Active Adult Use
"MURRAY FOOD SERVICES, INC.",284.000244-CL,7/22/2022,,,,,,284.000244-CL,Active Adult Use
"NIRVANA CENTER ILLINOIS, LLC",284.000204-CL,7/22/2022,,,,,,284.000204-CL,Active Adult Use
"NMG IL 1, LLC",284.000158-CL,7/22/2022,,,,,,284.000158-CL,Active Adult Use
"NMG IL 4, LLC",284.000159-CL,7/22/2022,,,,,,284.000159-CL,Active Adult Use
"OCEAN CAPITAL IL, INC. D/B/A DR. MOODS CANNABIS COMPANY",284.000160-CL,7/22/2022,,,,,,284.000160-CL,Active Adult Use
"OCEAN CAPITAL IL, INC. D/B/A DR. MOODS CANNABIS COMPANY",284.000161-CL,7/22/2022,,,,,,284.000161-CL,Active Adult Use
"PLANET 13 ILLINOIS, LLC",284.000162-CL,7/22/2022,,,,,,284.000162-CL,Active Adult Use
"RIVER BLUFF CANNABIS, INC.",284.000205-CL,7/22/2022,,,,,,284.000205-CL,Active Adult Use
SB IL LLC D/B/A STARBUDS,284.000285-CL,7/22/2022,,,,,,284.000285-CL,Active Adult Use
SO BAKED TOO LLC,284.000286-CL,7/22/2022,,,,,,284.000286-CL,Active Adult Use
"SUITE GREENS, LLC",284.000206-CL,7/22/2022,,,,,,284.000206-CL,Active Adult Use
"EXXOTIC Strains, LLC.",284.000287-CL,7/22/2022,,,,,,284.000287-CL,Active Adult Use
"THE HOMECOMING GROUP, LLC",284.000235-CL,7/22/2022,,,,,,284.000235-CL,Active Adult Use
"THF ILLINOIS, LLC DBA: GREENLIGHT",284.000288-CL,7/22/2022,,,,,,284.000288-CL,Active Adult Use
TOFINO SHORELINE PARTNERS LLC,284.000289-CL,7/22/2022,,,,,,284.000289-CL,Active Adult Use
"TRIUMPH 7 INVESTMENTS, LLC",284.000222-CL,7/22/2022,,,,,,284.000222-CL,Active Adult Use
"VILLAGE COURT HOLDINGS, LLC",284.000247-CL,7/22/2022,,,,,,284.000247-CL,Active Adult Use
"VILL-OPS, INC (DBA VIOLA)",284.000207-CL,7/22/2022,,,,,,284.000207-CL,Active Adult Use
"VILL-OPS, INC (DBA VIOLA)",284.000208-CL,7/22/2022,,,,,,284.000208-CL,Active Adult Use
"VISE PARTNERS, LLC",284.000163-CL,7/22/2022,,,,,,284.000163-CL,Active Adult Use
"WAH GROUP, LLC D/B/A LEAFING LIFE",284.000164-CL,7/22/2022,,,,,,284.000164-CL,Active Adult Use
WORLD OF WEED,284.000180-CL,7/22/2022,,,,,,284.000180-CL,Active Adult Use
WORLD OF WEED,284.000181-CL,7/22/2022,,,,,,284.000181-CL,Active Adult Use
WORLD OF WEED,284.000182-CL,7/22/2022,,,,,,284.000182-CL,Active Adult Use
WORLD OF WEED,284.000183-CL,7/22/2022,,,,,,284.000183-CL,Active Adult Use
WORLD OF WEED,284.000184-CL,7/22/2022,,,,,,284.000184-CL,Active Adult Use
"AMERICANNA DREAM, LLC",284.000313-CL,7/29/2022,,,,,,284.000313-CL,Active Adult Use
"BLUE LEAF, LLC",284.000290-CL,7/29/2022,,,,,,284.000290-CL,Active Adult Use
"FLOWER POINTS, LLC",284.000315-CL,7/29/2022,,,,,,284.000315-CL,Active Adult Use
"GREEN & KINNICK, LLC",284.000291-CL,7/29/2022,,,,,,284.000291-CL,Active Adult Use
"HEARTLAND LEAF, LLC",284.000292-CL,7/29/2022,,,,,,284.000292-CL,Active Adult Use
"HIGH HOPES CHICAGO, LLC",284.000293-CL,7/29/2022,,,,,,284.000293-CL,Active Adult Use
"ILLINOIS KINDNESS, LLC",284.000294-CL,7/29/2022,,,,,,284.000294-CL,Active Adult Use
"JOINT VENTURES 1, LLC",284.000295-CL,7/29/2022,,,,,,284.000295-CL,Active Adult Use
NIRVANA MANAGEMENT CORPORATION,284.000317-CL,7/29/2022,,,,,,284.000317-CL,Active Adult Use
"NLJ PARTNERS, LLC",284.000296-CL,7/29/2022,,,,,,284.000296-CL,Active Adult Use
"PERCEPTION CANNABIS CHICAGO SOUTH, INC.",284.000297-CL,7/29/2022,,,,,,284.000297-CL,Active Adult Use
"TC APPLICO, LLC",284.000298-CL,7/29/2022,,,,,,284.000298-CL,Active Adult Use
"TC APPLICO, LLC",284.000299-CL,7/29/2022,,,,,,284.000299-CL,Active Adult Use
"VERTICAL MANAGEMENT, LLC",284.000300-CL,7/29/2022,,,,,,284.000300-CL,Active Adult Use
"WESTSIDE VISIONARIES, LLC",284.000301-CL,7/29/2022,,,,,,284.000301-CL,Active Adult Use
"VELTISTE ILLINOIS, LLC",284.000318-CL,8/12/2022,,,,,,284.000318-CL,Active Adult Use
"RENU, LLC",284.000323-CL,8/19/2022,,,,,,284.000323-CL,Active Adult Use
"RENU, LLC",284.000324-CL,8/19/2022,,,,,,284.000324-CL,Active Adult Use
"HIGH HAVEN DISPENSARY, LLC",284.000328-CL,09/20/2022,,,,,09/20/2022,284.000328-CL,Active Adult Use
"HIGH HAVEN DISPENSARY, LLC",284.000329-CL,09/20/2022,,,,,09/20/2022,284.000329-CL,Active Adult Use
HIGHLIFE GROUP LLC,284.000333-CL,10/11/2022,,,,,10/11/2022,284.000333-CL,Active Adult Use
"INLABS I, LLC",284.000334-CL,10/11/2022,,,,,10/11/2022,284.000334-CL,Active Adult Use
"RENU, LLC",284.000338-CL,12/2/2022,,,,,11/21/2024,284.000338-CL,Active Adult Use
"JG IL, LLC",284.000339-CL,1/20/2023,,,,,,284.000339-CL,Active Adult Use
"Eagle Dispensaries of Illinois, LLC",284.000337-CL,1/25/2023,,,,,,284.000337-CL,Active Adult Use
"JG IL, LLC",284.000343-CL,8/2/2023,,,,,,284.000343-CL,Active Adult Use
MARIWORKS LLC,284.000217-CL,7/22/2022,,,,,,284.000217-CL,Active Adult Use
PARKWAY DISPENSARY,284.000173-CL,7/22/2022,,,,,,284.000173-CL,Active Adult Use
"SEVEN POINT OF ILLINOIS, LLC",284.000316-CL,7/29/2022,,,,,,284.000316-CL,Active Adult Use
BOLDEN INVESTMENTS I LLC,284.000174-CL,7/22/2022,,,,,,284.000174-CL,Active Adult Use
"DEEPROOTZ, LLC",284.000175-CL,7/22/2022,,,,,,284.000175-CL,Active Adult Use
"WEST SIDE COLLABORATIVE, LLC",284.000176-CL,7/22/2022,,,,,,284.000176-CL,Active Adult Use
"CLEAN SLATE OPCO, LLC",284.000177-CL,7/22/2022,,,,,,284.000177-CL,Active Adult Use
"ILLINOIS HEALTH & WELLNESS, LLC",284.000218-CL,7/22/2022,,,,,,284.000218-CL,Active Adult Use
"INDUS365, LLC",284.000312-CL,7/29/2022,,,,,,284.000312-CL,Active Adult Use
"DEER PARK PARTNERS, LLC",284.000229-CL,7/22/2022,,,,,,284.000229-CL,Active Adult Use
"ILLINOIS WORKS, LLC",284.000219-CL,7/22/2022,,,,,,284.000219-CL,Active Adult Use
GRD ILLINOIS LLC,284.000311-CL,7/29/2022,,,,,,284.000311-CL,Active Adult Use
GREEN SKIES - ILLINOIS I LLC,284.000209-CL,7/22/2022,,,,,,284.000209-CL,Active Adult Use
"NORTHERN CARDINAL VENTURES, LLC",284.000233-CL,7/22/2022,,,,,,284.000233-CL,Active Adult Use
"SOCIAL EQUITY INVESTMENTS, L.L.C.",284.000223-CL,7/22/2022,,,,,,284.000223-CL,Active Adult Use
"EXXOTIC STRAINS, LLC.",284.000265-CL,7/22/2022,,,,,,284.000265-CL,Active Adult Use
WORLD OF WEED,284.000230-CL,7/22/2022,,,,,,284.000230-CL,Active Adult Use
"FELLO, INC.",284.000303-CL,7/29/2022,,,,,,284.000303-CL,Active Adult Use
"PROJECT EQUITY ILLINOIS, INC.",284.000319-CL,8/12/2022,,,,,,284.000319-CL,Active Adult Use
"RENU, LLC",284.000336-CL,12/2/2022,,,,,11/21/2024,284.000336-CL,Active Adult Use
"VHEA, LLC",284.000344-CL,07/31/2023,,,,,07/31/2025,284.000344-CL,Active Adult Use
DMR WELLNESS LLC,284.000224-CL,7/22/2022,,,,,,284.000224-CL,Active Adult Use
GREEN JUSTICE LLC,284.000210-CL,7/22/2022,,,,,,284.000210-CL,Active Adult Use
"HEARTLAND LEAF, LLC",284.000165-CL,7/22/2022,,,,,,284.000165-CL,Active Adult Use
"WAH GROUP, LLC D/B/A LEAFING LIFE",284.000166-CL,7/22/2022,,,,,,284.000166-CL,Active Adult Use
BLOUNTS&MOORE,284.000241-CL,7/22/2022,,,,,,284.000241-CL,Active Adult Use
BOLDEN INVESTMENTS I LLC,284.000167-CL,7/22/2022,,,,,,284.000167-CL,Active Adult Use
BOTAVI WELLNESS LLC,284.000254-CL,7/22/2022,,,,,,284.000254-CL,Active Adult Use
"CTY ENTERPRISES, LLC",284.000168-CL,7/22/2022,,,,,,284.000168-CL,Active Adult Use
"EMERALD COAST, LLC",284.000258-CL,7/22/2022,,,,,,284.000258-CL,Active Adult Use
"ILLINOISCANNABIS49, INC.",284.000169-CL,7/22/2022,,,,,,284.000169-CL,Active Adult Use
TATICH 3 LLC,284.000234-CL,7/22/2022,,,,,,284.000234-CL,Active Adult Use
"AMERICANNA DREAM, LLC",284.000302-CL,7/29/2022,,,,,,284.000302-CL,Active Adult Use
"FORTUNATE SON PARTNERS, LLC",284.000304-CL,7/29/2022,,,,,,284.000304-CL,Active Adult Use
"PROJECT EQUITY ILLINOIS, INC.",284.000320-CL,8/12/2022,,,,,,284.000320-CL,Active Adult Use
"HIGH HAVEN DISPENSARY, LLC",284.000330-CL,09/20/2022,,,,,09/20/2022,284.000330-CL,Active Adult Use
BOLDEN INVESTMENTS III LLC,284.000178-CL,7/22/2022,,,,,,284.000178-CL,Active Adult Use
"DEALERSHIP, LLC",284.000179-CL,7/22/2022,,,,,,284.000179-CL,Active Adult Use
HERBAN QUALITY CONTROL,284.000220-CL,7/22/2022,,,,,,284.000220-CL,Active Adult Use
BOTAVI WELLNESS LLC,284.000242-CL,7/22/2022,,,,,,284.000242-CL,Active Adult Use
"CANNDID SPIRIT TOO, LLC",284.000231-CL,7/22/2022,,,,,,284.000231-CL,Active Adult Use
KANA GROVE NORTH LLC,284.000170-CL,7/22/2022,,,,,,284.000170-CL,Active Adult Use
KAP-JG LLC,284.000211-CL,7/22/2022,,,,,,284.000211-CL,Active Adult Use
"UHCC, INC.",284.000307-CL,7/29/2022,,,,,,284.000307-CL,Active Adult Use
"DO MOR DEVELOPMENT, LLC",284.000212-CL,7/22/2022,,,,,,284.000212-CL,Active Adult Use
"KUSH21 CHICAGO, LLC",284.000213-CL,7/22/2022,,,,,,284.000213-CL,Active Adult Use
"TRIUMPH 7 INVESTMENTS, LLC",284.000225-CL,7/22/2022,,,,,,284.000225-CL,Active Adult Use
"WESTSIDE SOCIAL JUSTICE, LLC",284.000308-CL,7/29/2022,,,,,,284.000308-CL,Active Adult Use
"WESTSIDE SOCIAL JUSTICE, LLC",284.000309-CL,7/29/2022,,,,,,284.000309-CL,Active Adult Use
"ALLGREENS DISPENSARY, LLC",284.000171-CL,7/22/2022,,,,,,284.000171-CL,Active Adult Use
"LIGHTHOUSE DISPENSING COMPANY, LLC",284.000172-CL,7/22/2022,,,,,,284.000172-CL,Active Adult Use
"HOLISTIC ILLINOIS, LLC",284.000305-CL,7/29/2022,,,,,,284.000305-CL,Active Adult Use
"TC APPLICO, LLC",284.000306-CL,7/29/2022,,,,,,284.000306-CL,Active Adult Use
BOTAVI WELLNESS LLC,284.000255-CL,7/22/2022,,,,,,284.000255-CL,Active Adult Use
"NAVADA LABS, LLC",284.000226-CL,7/22/2022,,,,,,284.000226-CL,Active Adult Use
"V3 ILLINOIS VENDING, LLC",284.000227-CL,7/22/2022,,,,,,284.000227-CL,Active Adult Use
"127 IL, LLC",284.000314-CL,7/29/2022,,,,,,284.000314-CL,Active Adult Use
"JG IL, LLC",284.000340-CL,1/20/2023,,,,,,284.000340-CL,Active Adult Use
"PEOPLE DISPENSARY, LLC",284.CL.4448522,5/3/2024,,,,,10/31/2025,,Active Adult Use
"26. SWEET EMERALD, LLC",284.CL.4448457,5/3/2024,,,,,10/31/2025,,Active Adult Use
