name,slug
00 Seeds Bank,00seeds
0siris Genetics,0siris
2 Guns and a Guy Seed Company,2gunsandaguyseed
2Buds Genetics,2buds
3rd Coast Genetics,3rdcoast
3rd Shift Genetics,3rdshift
3thirteen Seeds,3thirteen
3x3me,3x3me
4:20 Seeds,420
4c_zen Genetics,4czen
4smashed20,4smashed20
5 Pack Genetics,5pack
7 East Genetics,7east
7th Green Skunk Genetics,7thgreenskunk
11s Genetics,11s
13 Hills,13hills
34 Street Seed Company,34streetseed
93orNothing,93ornothing
108Genetics,108
207 Genetics,207
207 Seeds,207
210Beans,210beans
303 Seeds,303
360grow420 Genetics,360grow420
420 Genetics,420
420 Seeds,420
517 Legend Seed Co,517legendseed
593 Genetics,593
707 Seed Bank,707seed
710 Genetics,710
802 Genetix,802
808 Genetics,808
1522 Genetics,1522
1904 Genetics,1904
A-B-Seeds,ab
A.B. Seed Company,abseed
A1 Genetics,a1
ABC Seeds,abc
ABF Genetics,abf
ACE Seeds,ace
AC Genetics,ac
ADKGrass,adkgrass
AK Bean Brains,akbeanbrains
ALTVM,altvm
AV3 Genetics,av3
Abraxas Seeds,abraxas
Absolute Cannabis Seeds,absolutecannabis
Accelerator Seeds,accelerator
Actual Seeds,actual
Acumen Genetics,acumen
Adhesive Genetics,adhesive
Advance Genetic,advancegenetic
Advanced Seeds,advanced
Aeque Genetics,aeque
Afghan Seeds Connection,afghanseedsconnection
Afghan Selection,afghanselection
Aficionado French Connection,aficionadofrenchconnection
Aficionado Seed Bank,aficionadoseed
Aficionado Seed Collection,aficionadoseedcollection
African Seeds,african
Afropips Seeds,afropips
Afterthought Autos,afterthoughtautos
Alabama Hemp Company,alabamahemp
Alamo Seed Company,alamoseed
Alaska Cannabis Cache,alaskacannabiscache
Alastorlabs,alastorlabs
Alchemutant,alchemutant
Alchemy Genetics,alchemy
Alex Acres,alexacres
Alex Beck,alexbeck
Alfemco,alfem
Alien Genetics,alien
AlienLabs,alienlabs
Alienblood Genetix,alienblood
Alight For Health / Alight Farms,alightforhealthalight
All-in Medicinal Seeds,allinmedicinal
All Star Genetics,allstar
All We Know Is Dank,allweknowisdank
AlleyCat Genetics,alleycat
Almighty Farms Genetics,almighty
Almighty Seeds,almighty
Aloha Embassy,alohaembassy
Aloha Island Genetics,alohaisland
Alpaca Bowl Ranch Seeds,alpacabowlranch
Alpha Genetics,alpha
Alphakronik Genes,alphakronikgenes
AlpinStash,alpinstash
Alpindica Seeds,alpindica
Alpine-Seeds,alpine
Altitude Genetics,altitude
Altitude Ranch Genetics,altituderanch
Amadeus Genetics,amadeus
Amaranta Seeds,amaranta
Ambitious Seeds,ambitious
Ambrosia,ambrosia
Amft13beans,amft13beans
Amish Warrior Seeds,amishwarrior
Amsterdam Finest Seeds,amsterdamfinest
Amsterdam Genetics,amsterdam
Ananda Seeds,ananda
Andalucía Seeds,andaluca
Andina Seeds,andina
Andromeda Strains,andromedastrains
Anesia Seeds,anesia
Anjaneya Mountain Medicine,anjaneyamountainmedicine
Annabelle's Garden,annabellesgarden
Annibale Genetics,annibale
Annunaki Genetics,annunaki
Anomaly Seeds,anomaly
Antenna Seeds,antenna
Anthony Renee Genetics,anthonyrenee
Anthos Seeds,anthos
AntiStressCrew,antistresscrew
Ape Genetics,ape
ApeOrigin,apeorigin
Apex Seeds,apex
Apex Solventless,apexsolventless
Apothecary Genetics,apothecary
Apotix,apotix
Appalachian Genetics,appalachian
Aqualung Gardens,aqualunggardens
Arcana Seed & Genetics Company,arcanaseedgenetics
Archie's seed Co.,archiesseed
Archive Seed Bank,archiveseed
Archive of Classic Seeds,archiveofclassic
Arctic Genetics,arctic
Aristode Seed Co,aristodeseed
Art Genetix,art
Artifact Genetics,artifact
Artizen Seeds,artizen
Asclepius Agriculture,asclepiusagriculture
Astrul,astrul
Asturjaya,asturjaya
Atao Genetics,atao
Atlas Seed,atlas
Aura Genetix,aura
Aurora Genetics,aurora
Aurora Winds Botanical Seeds,aurorawindsbotanical
Austrian Sunseeds,austriansun
Authentic Genetics,authentic
Author Seeds,author
AutoFem Seeds,autofem
Auto Seeds,auto
Automaris,automaris
Avalanche Genetics,avalanche
Avalon Garden,avalongarden
Awka Semillas,awkasemillas
AzMeds,azmeds
Azarius Seeds,azarius
Aztech Genetics,aztech
B-dub Genetics,bdub
B.C. Bud Depot,bcbuddepot
B.C. Grown,bcgrown
B.I.G. Seeds,big
B.O.G. Seeds,bog
B. Seeds Co.,bseeds
BAMA Seeds,bama
BC Growers Association,bcgrowersassociation
BCN Seeds,bcn
BJ Cannabis Co.,bjcannabis
BSB Genetics,bsb
BSF Seeds,bsf
BSV Genetics,bsv
Baby Zeus Genetics,babyzeus
Babylon Seeds Bank,babylonseeds
BackCountryResin,backcountryresin
Backcountry Farms,backcountry
Backyard Boogie,backyardboogie
Bad Dawg Freebies,baddawgfreebies
Bad Fish Genetics,badfish
Baked Beans Cannabis Seeds,bakedbeanscannabis
Baked Beanz,bakedbeanz
Baked Botany,bakedbotany
Bald Monkey Seeds,baldmonkey
Bald man Lala Seeds,baldmanlala
Banana Peel Genetics,bananapeel
Barba Seeds,barba
Bardi Green Voohoo Genetics,bardigreenvoohoo
Barneys Farm,barneys
Basement Chuckers,basementchuckers
Basic Seeds,basic
Basinaudo,basinaudo
Bask Triangle Farms,basktriangle
Basmati Gardens,basmatigardens
Bat Country Farms,batcountry
Batman,batman
Bay Exclusives Seeds & Clones,bayexclusivesseedsclones
Bay Seeds,bay
Bayou Boys Genetics,bayouboys
Bean Barn Seed Co,beanbarnseed
Bean Boyz Genetics,beanboyz
Bean Drop Genetics,beandrop
Bean Genie Autos,beangenieautos
Beanmill Genetics,beanmill
Beans2Trees,beans2trees
Beans By Wuzi,beansbywuzi
Bear Grows Genetics,beargrows
Bedrock Genetics,bedrock
Bee's Selection,beesselection
Bee Nerdy,beenerdy
Beebop Genetics,beebop
Beefcake Genetics,beefcake
Beegen's Beans,beegensbeans
Beleaf Cannabis,beleafcannabis
Best Coast Genetics,bestcoast
BestThingGrowing,bestthinggrowing
Beta Seeds,beta
Beuh-Chat Seeds Company,beuhchatseeds
Beyond Genetics,beyond
Beyond Hype Seed Co,beyondhypeseed
Beyond Top Shelf,beyondtopshelf
Bhang!Dog,bhangdog
BiPolarBear420,bipolarbear420
Big Buddha Seeds,bigbuddha
Big Buddy Seeds,bigbuddy
Big Chiefer Reefer,bigchieferreefer
Big Dans Genetix,bigdans
Big Dog Exotic Cannabis Seeds,bigdogexoticcannabis
Big Head Seeds,bighead
Big Muddy Genetics,bigmuddy
Big Nose Genetics,bignose
Big Sky Beans,bigskybeans
Big Tree Cultivars,bigtreecultivars
Bigdogs Seeds Collection,bigdogsseedscollection
Bigworm Genetics,bigworm
Billy Budd,billybudd
Billy Seeds Co,billyseeds
Binary Selections,binaryselections
Bio.dynamic Grown Cultivars,biodynamicgrowncultivars
Bio Bomb Selections,biobombselections
BioQueen Seeds,bioqueen
Bio Vortex,biovortex
Biohazard Seeds,biohazard
Bird Genes,birdgenes
Black Army Collection,blackarmycollection
Black Bear Cannabis Company,blackbearcannabis
Black Cat Seeds,blackcat
Black Diamond Genetics,blackdiamond
Black Farm Genetix,black
Black Flag Genetics,blackflag
Black Hand Seeds,blackhand
Black Label,blacklabel
Black Leaf,blackleaf
BlackLeaf Genetics,blackleaf
Black River Seed co,blackriverseed
Black Sheep Genetics,blacksheep
Black Skull Seeds,blackskull
Black Tuna,blacktuna
Blackbird Preservations,blackbirdpreservations
Blasted Genetics,blasted
Blazed Genetics,blazed
Blim Burn Seeds,blimburn
Blind Rooster Seeds,blindrooster
Blockhead Buds,blockheadbuds
Blood Diamond Seeds,blooddiamond
Bloom Seed Co,bloomseed
BloominBuds518,bloominbuds518
Bloomingdale Organic,bloomingdaleorganic
Blue Blood Genetics,blueblood
Blue Bloods Grow,bluebloodsgrow
Blue Dream King,bluedreamking
BlueHemp Switzerland,bluehempswitzerland
Blue Star Seed Co,bluestarseed
Blue Stone Sanctuary,bluestonesanctuary
Bluedog Genetics,bluedog
Bluegrass Greenthumb,bluegrassgreenthumb
Bluenose Seed Bank,bluenoseseed
Bluerecluse Genetics,bluerecluse
Blurred Vision Genetics,blurredvision
Bmore Genetics,bmore
Bob Marley Seeds,bobmarley
Bodhi Seeds,bodhi
Bohemiaseeds,bohemia
Bomb Seeds,bomb
Bone Yard Genetics,boneyard
Boneyard Seeds Norcal,boneyardseedsnorcal
Bonguru Beans,bongurubeans
Boston Bob,bostonbob
Botafarm California,botafarmcalifornia
Botaseeds,bota
Bound By Fire Seed Co.,boundbyfireseed
Bradley Danks,bradleydanks
Brain Dead Beans,braindeadbeans
Brain Dead Genetics,braindead
BrainDeathGenetics,braindeath
Brain Freeze Seeds,brainfreeze
Brainstrap Genetics,brainstrap
Brave Seed Co,braveseed
Brazilian Seed Company,brazilianseed
Breaking Buds Seeds,breakingbuds
Bred By Woses,bredbywoses
Bred by 42,bredby42
Breeder Choice Organisation,breederchoiceorganisation
Breeder Nature,breedernature
Breeder Seeds Crew,breederseedscrew
Breeders,breeders
Breeders Boutique,breedersboutique
Breeders Choice,breederschoice
Brimhall Genetics,brimhall
Bristol County Cultivars,bristolcountycultivars
British Columbia Seed Company,britishcolumbiaseed
Brothers Grimm,brothersgrimm
Brothers In Farms,brothersin
Brothers Ink.,brothersink
Brujo Seeds,brujo
Buckeye Cannabis Co,buckeyecannabis
Bud White Genetics,budwhite
Buddha Seeds,buddha
Budding Industries,buddingindustries
Bulk Seed Bank,bulkseed
Bulk Seeds,bulk
Bulletproof Genetics,bulletproof
Bullseed Argentina,bullseedargentina
Burning Bush Nurseries,burningbushnurseries
Burning River Genetics,burningriver
Bursty,bursty
Bush Brothers Seeds,bushbrothers
Butter Bean Birdseeds,butterbeanbird
Buuda Pharms,buudapharms
Buzzer Organic Seeds,buzzerorganic
CBD Botanic,cbdbotanic
CBD Crew,cbdcrew
CBD Plus Buds,cbdplusbuds
CBD Seeds,cbd
CFF,cff
CH9 Female Seeds,ch9female
CHAnetics,chanetics
CSI Humboldt,csihumboldt
CabbagePaps,cabbagepaps
Cabin Fever Seed Breeders,cabinfeverseedbreeders
Cabinet of Curiosities Seeds,cabinetofcuriosities
Cajun Style Genetics LLC,cajunstylegenetics
CalCo Genetics,cal
Cali Kush Farms,calikush
Calibiza Seeds,calibiza
California Breeders Association,californiabreedersassociation
California Connoisseur Genetics,californiaconnoisseur
California Seed Farm,californiaseed
Califrosty,califrosty
Califunkyuh,califunkyuh
Calyx Bros. Seed Co.,calyxbrosseed
Camp Exotic,campexotic
Canadian Bred Seeds,canadianbred
Canadian Cannabis Genetics,canadiancannabis
Canadian Seed Lab,canadianseedlab
Canapantica,canapantica
Canarifornia Genetics,canarifornia
CannaBeans Genetics,cannabeans
CannaCurls Genetics,cannacurls
Canna Thai Seeds,cannathai
CannaVenture Seeds,cannaventure
Cannabeizein,cannabeizein
Cannabella Genetics,cannabella
Cannabill-ized Seeds,cannabillized
Cannabinopathic Conceptions,cannabinopathicconceptions
Cannabiogen,cannabiogen
Cannabiotix,cannabiotix
Cannabis 42°,cannabis42
Cannabis Family Seeds,cannabisfamily
Cannabis Genetics,cannabis
Cannabis Research Seed Co,cannabisresearchseed
Cannabis Seeds USA,cannabisseedsusa
Cannafari,cannafari
Cannapot,cannapot
Cannarado Genetics,cannarado
Cannaseur Seedbank,cannaseurseed
Cannavore Selections,cannavoreselections
Canuk Seeds,canuk
Canyon Candy Seed,canyoncandy
Capricorn Seed Company,capricornseed
Captain Seeds,captain
Capulator,capulator
Carpathians Seeds,carpathians
Cartel Seeds,cartel
CashOnlyCannabis,cashonlycannabis
Catalyst Creations,catalystcreations
Caña de España,caadeespaa
Celestial Seeds,celestial
Centennial Seeds,centennial
Ceres Seeds,ceres
ChEM Lab,chemlab
Chantico Seed CO,chanticoseed
Charlies Farm Seeds,charlies
Cheese Gang Seeds,cheesegang
Cheesensugar,cheesensugar
Chef's Genetix,chefs
Chef Grow Genetics,chefgrow
ChenGEN,chengen
Cherubinos,cherubinos
Chim Chiminey Genetics,chimchiminey
Chimera Seeds,chimera
Chosen Few Genetics,chosenfew
Christiania Seedbank,christianiaseed
Chrome Seeds,chrome
Chronic Logical,chroniclogical
Clandestino Seeds,clandestino
Classic Seeds,classic
Clearwater Genetics,clearwater
Clip & Clap,clipclap
Clone Only Strains,cloneonlystrains
Clone Quest,clonequest
Closetcats,closetcats
Cloud Capped Seeds,cloudcapped
Cloudz Seed Co.,cloudzseed
Coalition Seed Co,coalitionseed
Coast Genetics,coast
Coastal Seed Co,coastalseed
Coldwater,coldwater
Colombia Genomic,colombiagenomic
Colorado Seed Inc.,coloradoseed
Colors by Cultivar,colorsbycultivar
Compass Genetics,compass
Compound Genetics,compound
Concrete Jungle Seeds,concretejungle
Connoisseur Genetics,connoisseur
Conscious Genetics,conscious
Control Group Genetics,controlgroup
Cookie Chris Genetics,cookiechris
Cookie Fam Genetics,cookiefam
Cool Beans Seeds,coolbeans
Coool Beans,cooolbeans
Copa Genetics,copa
Copenhagen Seed Company,copenhagenseed
CopyCat Seeds,copycat
Copycat Genetix,copycat
Corralitos seed co,corralitosseed
Cosa Seed Co,cosaseed
Cosmic Wisdom,cosmicwisdom
Costa Seeds,costa
Coulter Family Farms,coulterfamily
County Line Genetics,countyline
Covert Genetics,covert
Crab Collective,crabcollective
Craft Cannabis of Vermont,craftcannabisofvermont
Crane City Cannabis,cranecitycannabis
Crate Digger Seeds,cratedigger
Crazy Diamonds Seed Company,crazydiamondsseed
Crazy X Seeds,crazyx
Cream Crop Co.,creamcrop
Cream of the Crop Seeds,creamofthecrop
Crescendo Genetics,crescendo
Crickets and Cicada Seeds,cricketsandcicada
Critical Mass Collective,criticalmasscollective
Croatoan Seeds,croatoan
Crockett Family Farms,crockettfamily
Cronic & Caviar,croniccaviar
Cronja,cronja
Crop Circle Genetics,cropcircle
Crop King Seeds,cropking
Cryptic Labs,crypticlabs
Cult. Six16,cultsix16
Cult Classics Seeds,cultclassics
Cultivated Choice Genetics,cultivatedchoice
Cultivators Choice,cultivatorschoice
Cult of Dank,cultofdank
Curtis Crosses,curtiscrosses
D's Nuts Grow,dsnutsgrow
D+Calidad Seeds,dcalidad
DJ Short,djshort
DNA Genetics Seeds,dnagenetics
DSP Genetics,dsp
Da Bean Co.,dabean
DaHood Urban Seeds,dahoodurban
Dabbsfordads,dabbsfordads
Dampkring Seed Bank,dampkringseed
Dane Strains,danestrains
Dank Breeds,dankbreeds
Dank Flow Genetics,dankflow
Dank Genetics,dank
Dank House Seeds,dankhouse
DankHunters Seed Co,dankhuntersseed
Dankensteins Lab,dankensteinslab
Dankmatter Genetics,dankmatter
Dankonomics Genetics,dankonomics
Danky Dankster Seed Co.,dankydanksterseed
Dark Horse Genetics,darkhorse
Dark Side Genetics,darkside
Darkarts Labs,darkartslabs
Darwin Seeds,darwin
Dawg Star,dawgstar
Day 1 Genetics,day1
De Sjamaan,desjamaan
Dead By Dawn Genetics,deadbydawn
DeadRabbit Genetix,deadrabbit
Deep Ellum Seed Company,deepellumseed
Deep Space Creations,deepspacecreations
Defiant Creations,defiantcreations
Delicatessen,delicatessen
Delicious Seeds,delicious
Delta 9 Labs,delta9labs
Deluxe Seeds,deluxe
Demonic Genetics,demonic
Denverdoggy,denverdoggy
Derg Corra Collective,dergcorracollective
Desert King Mountain High Seed Co.,desertkingmountainhighseed
Diamond Rock Genetics,diamondrock
Digital Genetics,digital
Dinafem,dinafem
Dino Party,dinoparty
Dirt Farmer Genetics,dirtfarmer
Dirtbag Seed Co.,dirtbagseed
Dirty Bird Genetics,dirtybird
Dirty Water Organics,dirtywaterorganics
Dirty Worms Farm,dirtyworms
Dispensario Seeds,dispensario
Divine Genetics,divine
Divine Seeds,divine
Dixie Underground Blends,dixieundergroundblends
Dizzy Duck Seeds,dizzyduck
Dman Seeds,dman
Doc's Dank Seeds,docsdank
Doctor's Choice,doctorschoice
Doctor Psicote 422,doctorpsicote422
Dog Pound Genetic's,dogpound
Dojo Seed Co.,dojoseed
Dolla Seedz,dollaseedz
Dominion Seed Company,dominionseed
Domus Seeds,domus
Don Avalanche Seeds,donavalanche
Dopamine Seeds,dopamine
Dope Seeds,dope
Doug's Nugs,dougsnugs
Dr. Atomic Seeds,dratomic
Dr. Blaze,drblaze
Dr. Cilantro Genetics,drcilantro
Dr. Genetics,dr
Dr. Greenthumb,drgreenthumb
Dr. Grow's Productions,drgrows
Dr. Hemps Seeds,drhemps
Dr. Krippling Seeds,drkrippling
Dr. Underground,drunderground
Dr Fingerleaf,drfingerleaf
Dragons Flame Genetics,dragonsflame
Dready Seeds,dready
Driftless Genetics LLC,driftlessgenetics
Driftwood Genetics,driftwood
Drohammad Seeds,drohammad
Dry Cuban Genetics,drycuban
Dubchase,dubchase
Duffles,duffles
Duke Diamonds Vault,dukediamondsvault
Dungeon Of Dank Genetics,dungeonofdank
Dungeons Vault Genetics,dungeonsvault
Duppy Sensi Genetics,duppysensi
Dutch-Headshop,dutchheadshop
DutchBreed,dutchbreed
DutchFem,dutchfem
Dutch Flowers,dutchflowers
Dutch Passion,dutchpassion
Dutch Quality Seeds,dutchquality
Dutchgrown Seeds,dutchgrown
Duty Free Seeds,dutyfree
DwarvenForged,dwarvenforged
Dying Breed Seeds,dyingbreed
Dynasty Seeds,dynasty
E-M Seeds,em
Earth Craft Biosystems,earthcraftbiosystems
EarthFire Genetics,earthfire
Earth Seeds,earth
Earth Witch Seeds,earthwitch
Earthcare Extracts,earthcareextracts
Earthly Pleasures,earthlypleasures
East Coast Cultivars,eastcoastcultivars
East Coast Farmers Genetics,eastcoastfarmers
East Coast Genetix,eastcoast
East Coast Seeds,eastcoast
East Island Seeds,eastisland
Eastwood Gardens,eastwoodgardens
Eazy Daze Cultivators,eazydazecultivators
Echelon Gardens,echelongardens
El Clandestino,elclandestino
El Jardin de Maria Seeds,eljardindemaria
El Pampa,elpampa
Elemental Seeds,elemental
Elev8 Seeds,elev8
Elevated Patriot,elevatedpatriot
Eleventen,eleventen
Elite Eighth Genetics,eliteeighth
Elite Ganjah,eliteganjah
Emerald Mountain Legacy,emeraldmountainlegacy
Emerald Mountain Seeds,emeraldmountain
Emerald Triangle,emeraldtriangle
Emi Indico,emiindi
Empathic Genetics,empathic
Empire Breeding Co.,empirebreeding
Empyrean Seeds,empyrean
Enchanted Seeds,enchanted
Endless Endeavor Genetics,endlessendeavor
Energenetics Old World Farm,energeneticsoldworld
Enhanced Genetics Company,enhancedgenetics
Enlightened Genetics,enlightened
Envy Genetics,envy
Epicalseeds,epical
Epik Genetics,epik
Equilibrium Genetics,equilibrium
Erks Genetics,erks
Eskimo Fire,eskimofire
Eskobar Seeds,eskobar
Ethos Genetics,ethos
Eureka Seeds Org,eurekaseedsorg
Eva Female Seeds,evafemale
Evermore Genetics,evermore
Evil Bear Genetics,evilbear
Evileye Gardens,evileyegardens
Evo Geneticas,evogeneticas
Evolve Genetics,evolve
Exclusive Seeds,exclusive
Exclusive Seeds Bank,exclusiveseeds
Exhalt Genetics,exhalt
Exogen Genetics,exogen
Exotic Flower Boutique,exoticflowerboutique
Exotic Genetix,exotic
Exotic Herbal Blends,exoticherbalblends
Exotic Seed,exotic
Expert Seeds,expert
Eye of Providence Seeds,eyeofprovidence
Ez Grown,ezgrown
Élite Seeds,lite
Fabis Finest,fabisfinest
Family Ganjah,familyganjah
Fammabis Farms LLC,fammabis
Fancy Weed,fancyweed
Faricur Grower,faricurgrower
Farmer Brown Seeds,farmerbrown
Farmer Fly,farmerfly
Farmer Hayseed,farmerhay
Farmhouse Genetics,farmhouse
Fast & Furious Seeds,fastfurious
Fast Buds Company,fastbuds
Fat.Budstards,fatbudstards
Fat Cat Labs,fatcatlabs
Fatboy Genetics,fatboy
Fatbush Seeds,fatbush
Fattymcfattfatt,fattymcfattfatt
Fear The Rootz Genetics,feartherootz
Federation Seed Company,federationseed
Female Seeds,female
Fennec Genetics,fennec
Fenocan,fenocan
Ferrox Kollektiv,ferroxkollektiv
Fidels Seed Co.,fidelsseed
Field Marshall Seeds Collective,fieldmarshallseedscollective
Final Cause,finalcause
Finest Medicinal Seeds,finestmedicinal
Finest Picker Genetics,finestpicker
Finola,finola
FireFly Genetics,firefly
Fire Garden Pharms Genetics,firegardenpharms
FireMids Genetics,firemids
Fire New Breed Genetics,firenewbreed
Fire Ridge Seed Co,fireridgeseed
Firebudz Genetics,firebudz
First Draft Genetic,firstdraftgenetic
First Principles Genetics,firstprinciples
Fitfriendlyfarmer,fitfriendlyfarmer
Five Trees,fivetrees
Fiya Farmer,fiyafarmer
Flamingoz,flamingoz
Flash Seeds,flash
Flavor Chef Genetics,flavorchef
Flavour Chasers,flavourchasers
Fleur du Mal,fleurdumal
Flight Time Genetics,flighttime
Flip Side,flipside
Flower Bounty Farms,flowerbounty
FlowerPower Seedbank,flowerpowerseed
Flying Dutchmen,flyingdutchmen
Flying Genetics,flying
Forbidden Genetics,forbidden
Forest City Seed,forestcity
Forum Genetics,forum
Fountainhead Seeds,fountainhead
Foxx Exotics,foxxexotics
Fractal Genetics,fractal
Fractal Ridge Farms LLC,fractalridge
Frankenseeds,franken
Freak Genetics,freak
Freeborn Selections,freebornselections
Freedom Seeds,freedom
Freedom of Seeds,freedomof
Freestone Genetics,freestone
Freeworld Genetics,freeworld
French Canna Seeds,frenchcanna
French Touch Seeds,frenchtouch
Fresh Coast Seed Company,freshcoastseed
Frost Brothers,frostbrothers
Frostpops Genetics,frostpops
Frosty Mountain Genetics,frostymountain
Fruitfull Seeds,fruitfull
Fruity Genetics,fruity
Full Moon Genetics,fullmoon
Full Spec Genetics,fullspec
Fully Cooked Seed Company,fullycookedseed
Funky Specimen,funkyspecimen
Fusion Seeds,fusion
Fuzzy Genetics,fuzzy
Fygspray,fygspray
Fygtree,fygtree
G.I_Genetix,gi
G.O.A.T Genetics,goat
G2G Genetix,g2g
G13 Labs,g13labs
GB Strains,gbstrains
GG Genetics,gg
GK Genetics,gk
GLK Genetics,glk
GREASi Genetics,greasi
Gabriel Cannabis,gabrielcannabis
Gage Green Genetics,gagegreen
Gaia Genetics,gaia
Galaxy Genetics,galaxy
Gallows Genetics,gallows
GameStrainz,gamestrainz
Gandhi Farms,gandhi
Ganja Farmer,ganjafarmer
Ganja Farmer Seed Company,ganjafarmerseed
GanjaGrimezGenetics,ganjagrimez
GanjaMed,ganjamed
Ganja Rebel Seeds,ganjarebel
Garden Ablaze Seeds,gardenablaze
Garden of Dreams Seed Co,gardenofdreamsseed
Garden of Green,gardenofgreen
Gas Lab Genetics,gaslab
Gas Reaper Genetics,gasreaper
Gator's Garden,gatorsgarden
Gea Seeds,gea
Gecko Seeds,gecko
Geek Farms,geek
Geistgrow,geistgrow
GemSearch Original Dank,gemsearchoriginaldank
GeneSeeds Bank,geneseeds
GenefinderOG,genefinderog
Genehtik Seeds,genehtik
Generation New Breed Genetics,generationnewbreed
Generik,generik
Genesis Genetics,genesis
Genetic Designer,geneticdesigner
Genetically Superior Seeds,geneticallysuperior
Genetics 101,genetics101
Genetix Matter,genetixmatter
Genofarm Seeds,geno
GermanBoyGenetiks,germanboygenetiks
Ghost Fox,ghostfox
GibbsKutz Genetics,gibbskutz
Gimp Grown Organics,gimpgrownorganics
Gingerbred Genetics,gingerbred
Glitch Genetics,glitch
Glorious Genetics,glorious
Glory,glory
Gnomes Garden,gnomesgarden
Gnostic Seeds,gnostic
Goat and Monkey Seeds,goatandmonkey
God's Garden Genetics,godsgarden
Gold Leaf Gardens,goldleafgardens
Golden Temple,goldentemple
Goldenseed,golden
Gonzo Seeds,gonzo
Good Airs,goodairs
Good House Seeds,goodhouse
Goodfellas Seeds,goodfellas
Gooey Breeder Seeds,gooeybreeder
Goonie Genetics,goonie
Gorilla Gas Genetics,gorillagas
Gorrilla Grower Seeds,gorrillagrower
Grand Cru Genetics,grandcru
Grand Daddy Purp,granddaddypurp
Grandiflora Genetics,grandiflora
Grandmas Genetics,grandmas
Grandpa Buds Seeds,grandpabuds
Grasler & Oeler,grasleroeler
GrassOmatic,grassomatic
GrassWorx Genetics,grassworx
Graysin Farms,graysin
Great North Seed Company,greatnorthseed
GreatScottBuds,greatscottbuds
Green Acorns,greenacorns
Green Beanz Seeds,greenbeanz
Green Blood Genetics,greenblood
Green Bodhi,greenbodhi
Green Devil Genetics,greendevil
Green Empress Garden LLC,greenempressgarden
Green Factory Seeds,greenfactory
Green Fantasy Seeds,greenfantasy
GreenFire Genetics,greenfire
Green Frog Seedbank,greenfrogseed
Green Hornet,greenhornet
Green House Seeds,greenhouse
GreenLabel Seeds,greenlabel
Green Light Genetics,greenlight
Green Lion Seeds,greenlion
Green Luster Phenos,greenlusterphenos
GreenMan Organic Seeds,greenmanorganic
Green Mountain Greenhouse,greenmountaingreenhouse
Green Mountain Seeds,greenmountain
Green Rose Seeds,greenrose
Green Sapphire Seed Co,greensapphireseed
Green Seed Bank,greenseed
Green Source Gardens,greensourcegardens
Green Team Genetics,greenteam
GreenWRLD Exclusive,greenwrldexclusive
Green Wolf Genetics,greenwolf
Green Work Collective,greenworkcollective
Greenbud Seeds,greenbud
Greener Mountain Boys,greenermountainboys
Greenfield Seeds,greenfield
Greenhand Genetics,greenhand
Greenlife Seeds US,greenlifeseedsus
Greenpoint Seeds,greenpoint
Greensleeves Genetics,greensleeves
Greensnowman,greensnowman
Greyskull Seeds,greyskull
GrindHouse Medical Seeds Co.,grindhousemedicalseeds
GrouchyOldMan,grouchyoldman
Grounded Genetics,grounded
Grow Culture Genetics,growculture
Grow Today Genetics,growtoday
Growers Choice,growerschoice
Growi Seeds Amsterdam,growiseedsamsterdam
Growing Up Ganja,growingupganja
Growmaster Genetics,growmaster
Grubbycup Stash,grubbycupstash
Gualuka Seminoteca,gualukaseminoteca
Guam Maineian Gardens,guammaineiangardens
Guerilla Pack,guerillapack
Gure Brox Genetics,gurebrox
Gus' Unique Selections,gusuniqueselections
H.A.T.T. Seed Co,hattseed
H.B.K. Genetics,hbk
HLW Seedbank - Hemp Like Weed,hlwseedbankhemplikeweed
HQFarms,hq
HY-PRO Seeds,hypro
Half Skull Cannabis,halfskullcannabis
Hall Of Fame Seeds,halloffame
Hammerhead,hammerhead
Hanami Beans,hanamibeans
Hang Five Seeds,hangfive
Hang On! Genetics,hangon
Happy Bird Seeds,happybird
HappyDadSeeds,happydad
Happy Dreams Genetics,happydreams
Happy Little Tree Co,happylittletree
Happy Little Treez,happylittletreez
Happy Man Seeds,happyman
Happy Roots,happyroots
Happy Valley Genetics,happyvalley
Hardcore Genetics,hardcore
Harry Haze Seeds,harryhaze
Hash Hands,hashhands
HashHeads Genes,hashheadsgenes
Hash Seed,hash
Haute Genetique,hautegenetique
Hawaiian Budline,hawaiianbudline
Hazardville Farms,hazardville
Hazeman Seeds,hazeman
Head Seeds,head
Headstash Seeds,headstash
Healing Path Genetics,healingpath
Heart & Soil Seeds,heartsoil
Heavy Dayze Genetics,heavydayze
Heavy Rain Genetics,heavyrain
Heavyweight Seeds,heavyweight
Heisenbeans Genetics,heisenbeans
Helderberg Genetics,helderberg
Helvetic Seeds,helvetic
Hemcy Genetics,hemcy
Hempbrothers,hempbrothers
Hempire Seeds co.,hempireseeds
Hemp of Champ,hempofchamp
Herbaria,herbaria
Herbies Seeds,herbies
HereWeGrowSeedCO,herewegrowseed
Heritage Seeds,heritage
Hermetic Genetics,hermetic
Hero Seeds,hero
Heroes of the Farm,heroesofthe
Herring Chokers,herringchokers
Hi-Elevation Genetics,hielevation
HiBreedProject,hibreedproject
Hidden Garden Genetics,hiddengarden
High10ed_031,high10ed031
High C Genetics,highc
High Five Genetics,highfive
High Ground Ganja,highgroundganja
High Moon Seeds,highmoon
High Octane Genetics,highoctane
High Quality Seeds,highquality
HighRise Seeds,highrise
High Society Hash,highsocietyhash
High Speed Buds,highspeedbuds
Higher Love,higherlove
Higher Perspective Genetics,higherperspective
Higher Plane Genetics,higherplane
Highland Fog Genetics,highlandfog
Highrule Genetics,highrule
HillBilly Herb Grower,hillbillyherbgrower
Hill Bomb Genetics,hillbomb
Hillbilly Sunshine,hillbillysunshine
Hippie Cannabis Genetics,hippiecannabis
Hippie Krack Genetiks,hippiekrackgenetiks
Hisens Crew,hisenscrew
Hoku Seed Co,hokuseed
Holy Hemp,holyhemp
Holy Perogy,holyperogy
Holy Sacrament Selections,holysacramentselections
Holy Seeds Bank,holyseeds
Holy Smoke Seeds,holysmoke
Homegrown Fantaseeds,homegrownfanta
Homegrown Genetics,homegrown
Homegrown Natural Wonders,homegrownnaturalwonders
Homegrown Organic Seeds,homegrownorganic
Hometown Genetics,hometown
Honey Hive Genetics,honeyhive
Honey Pot Genetics,honeypot
Honey Sticks Genetics,honeysticks
Horners Horticulture,hornershorticulture
HortiLab,hortilab
House Of The Great Gardener,houseofthegreatgardener
House of Funk Genetics,houseoffunk
Howe Farms,howe
Huba Seed Bank,hubaseed
Humble Jungle Seeds,humblejungle
Humboldt Bred,humboldtbred
Humboldt Seed Company,humboldtseed
Humboldt Seed Organisation,humboldtseedorganisation
Humminbird Genetics,humminbird
Hungry Hippo Farm,hungryhippo
Hunter Farms,hunter
Hybrid Department,hybriddepartment
Hybrids from hell,hybridsfromhell
Hyp3rids,hyp3rids
Hype Daddy Ra,hypedaddyra
Hypno Seeds,hypno
hydroglyphics,hydroglyphics
IBT Genetics Seeds,ibtgenetics
IBZ Seeds,ibz
IDGSeeds,idg
ITC Genetics,itc
IZI Seeds,izi
Ice Bear Co,icebear
Illuminati Seeds,illuminati
Illusion Genetics,illusion
Immortal Flower,immortalflower
Imperial Seal Seeds,imperialseal
In-Tents Genetix,intents
In House Genetics,inhouse
Indian Landrace Exchange,indianlandraceexchange
Indicanada,indicanada
Indigenous Seed,indigenous
IndoSmokez,indosmokez
Infinity Seeds,infinity
Inflorescences of Scotland,inflorescencesofscotland
Inland Valley Genetics,inlandvalley
Inner Earth Seeds,innerearth
Insane Seed Posse,insaneseedposse
Inseedious Seeds,inseedious
Intergalactic Holistic Healing,intergalacticholistichealing
International Farm Cut,internationalfarmcut
Intrepid Genetics,intrepid
Intuitive Genetics,intuitive
Irie Genetics,irie
Iron Fist Genetics,ironfist
Irvine Seed Company,irvineseed
Islandseedsbank,islandseeds
iiTzToasty,iitztoasty
illo Seeds,illo
J.Diesel_NY,jdieselny
J. James,jjames
J2G Genetics,j2g
J Love,jlove
JONZ,jonz
JT Kultivation,jtkultivation
JYM Seeds,jym
Jack Davis,jackdavis
Jah Seeds,jah
Jamaica Seeds,jamaica
James Bong Genetics,jamesbong
James Loud Genetics,jamesloud
Jamie Cee’s Premium Cannabis Seeds,jamieceespremiumcannabis
Jardala Seeds,jardala
Jared Gundry,jaredgundry
Jaws Gear,jawsgear
Jay Jay Genetics,jayjay
Jedi Genetixx,jedigenetixx
Jett Jenetics,jettjenetics
Jinxproof Genetics,jinxproof
Joebud Genetics,joebud
Joeypotseed,joeypot
John Sinclair Seeds,johnsinclair
JohnnyBGoode Seed Collective,johnnybgoodeseedcollective
Johnston's Genetics,johnstons
Joint Custody Seed Co,jointcustodyseed
Joint Doctor,jointdoctor
Jolly Pond Farm,jollypond
Jonesbrey,jonesbrey
Jonny Hempseed LLC,jonnyhempseed
Jordan of the Islands,jordanoftheislands
Juan Moore,juanmoore
Juiced Up Genetix,juicedup
Jungle Boys,jungleboys
Junk Monkey Genetics,junkmonkey
Just A Handful,justahandful
Just Another Herbalist,justanotherherbalist
JustFeminized.com,justfeminizedcom
Just Seed Co,justseed
Jyllene Genetics,jyllene
Jörd Genetics,jrd
KC Brains Holland,kcbrainsholland
KGBeans,kgbeans
Kadō,kad
Kaiser Chief,kaiserchief
Kalashnikov Seeds,kalashnikov
Kali's Fruitful Cannabis Seeds,kalisfruitfulcannabis
Kaliman Seeds,kaliman
KalySeeds,kaly
Kamikaz Seeds,kamikaz
Kannabia Seeds,kannabia
Kaos Kreations,kaoskreations
Karma Genetics,karma
Katsu Seeds,katsu
Kayed Seeds,kayed
Keller Kind Genetics,kellerkind
Ken Dog Smoke Seeds,kendogsmoke
Kera Seeds,kera
Keta Seeds,keta
Ketama Seeds,ketama
Keys to the Kingdom,keystothekingdom
Khalifa Genetics,khalifa
Kick Boot Seeds,kickboot
Kickflip Genetics,kickflip
Kief Sweat,kiefsweat
Killa Treez,killatreez
Kimera Genetics,kimera
Kind'z Geneticz,kindzgeneticz
Kind Seed Co,kindseed
Kindway Farms,kindway
Kineos Genetics,kineos
KingJayGenetics,kingjay
Kingdom Organic Seeds,kingdomorganic
Kingsmen Genetics Seed Co.,kingsmengeneticsseed
Kismet Nursery,kismetnursery
Kiwiseeds,kiwi
Knock Out Genetics,knockout
Knowntocausecancer,knowntocausecancer
Knuckle Genetics,knuckle
Koala Seeds,koala
Koalatea Genetics,koalatea
Koby's Organics,kobysorganics
Kokua Seed,kokua
Kraken Genetix,kraken
Kre8 Genetics,kre8
KropDuster,kropduster
Krumme Gurken,krummegurken
Krunkz Kreationz,krunkzkreationz
KuBelarra,kubelarra
Kuntry Greenthumb,kuntrygreenthumb
Kush Cannabis Seeds,kushcannabis
Kwaka Seeds,kwaka
L'Artisan du Bonheur,lartisandubonheur
LEDSeedz,ledseedz
La Devils Lettuce,ladevilslettuce
La Maga,lamaga
La Mano Negra,lamanonegra
LaMota Seeds,lamota
La Plata Labs,laplatalabs
La Pousse Genetics,lapousse
La Semilla Automática,lasemillaautomtica
Laboratorios Holandeses,laboratoriosholandeses
Lady Sativa Genetics,ladysativa
Laid Out Genetics,laidout
Lancaster Hemp Seed Co,lancasterhempseed
Land and Heir Genetics,landandheir
Landrace Bureau,landracebureau
Landrace Seeds,landrace
Lank Dank Genetics,lankdank
Lantzville Craft Cannabis Genetics,lantzvillecraftcannabis
Larger Than Life Seed Co.,largerthanlifeseed
LazyBoy Seeds,lazyboy
Lazy Cat Cannabis,lazycatcannabis
Lazy Daizy Genetics,lazydaizy
Le Chef Boyardee,lechefboyardee
Leaf Doctor,leafdoctor
Leaf Lab Preserve,leaflabpreserve
Leafeater Genetics,leafeater
Leafy Lunker,leafylunker
LeeJ Counsell,leejcounsell
Lefaltó Seeds,lefalt
Legacy Leaf Seed Co.,legacyleafseed
Legacy Ozarks,legacyozarks
Legendary Hybrids,legendaryhybrids
Lemon Hoko Genetix,lemonhoko
Lempire Farmaseed,lempirefarma
Let’s Grow WNY,letsgrowwny
Liberty Seeds,liberty
Life's Blood Seeds,lifesblood
Lifetime Seeds,lifetime
Light Buds,lightbuds
Light Seeker Seeds,lightseeker
Lightyear,lightyear
Limited Seeds,limited
Limitless Genetics,limitless
Linda Seeds,linda
Lineage Genetics,lineage
Lions Den Genetics,lionsden
Lit Farms,lit
Little Chief Collabs Seeds,littlechiefcollabs
LiveFastSmokeSlow,livefastsmokeslow
Lone Star Genetix,lonestar
Long Island Canna Bros,longislandcannabros
Loompa Farms,loompa
Los Chicos,loschicos
Lost Canyon Preservation,lostcanyonpreservation
Lost Labs Genetics,lostlabs
Lost Relic Genetics,lostrelic
Lost River Seeds,lostriver
Loud Seeds,loud
Love For The Plant,lovefortheplant
Love Genetics,love
Lovin' in Her Eyes,lovininhereyes
Lowlife Seeds,lowlife
Loyal 2 Tha Soil - VA,loyal2thasoilva
Lucky 13 Seed Company,lucky13seed
Lucky Dog Seed Co,luckydogseed
Lupos CannaSeed,luposcanna
LusoDream Seeds,lusodream
M.A.G. Cannabis Farm Lesotho,magcannabisfarmlesotho
MGB Worldwide,mgbworldwide
MOG Seeds,mog
MSNL Seeds,msnl
MSS Genetics,mss
MTG Seeds,mtg
MaD - Strains,madstrains
Macaronesia Seeds,macaronesia
Mack's Terps,macksterps
Maconha Seeds Bank,maconhaseeds
MadCat's Backyard Stash,madcatsbackyardstash
MadMac's Magic Haze Seeds,madmacsmagichaze
Mad Monkey Farm,madmonkey
Mad Scientist Genetics,madscientist
Mad Shark Genetix,madshark
Madcap Genetics,madcap
Madd Farmer Genetics,maddfarmer
Made Men Genetics,mademen
Magic Herbs,magicherbs
Magic Spirit Seed Co.,magicspiritseed
Magic Strains,magicstrains
Magick Beans,magickbeans
Magus Genetics,magus
Maha Kala Seeds,mahakala
Mainely Genetics,mainely
Makena Genetics,makena
Makka Seeds,makka
Mallorca Breeders,mallorcabreeders
Mallorca Seeds,mallorca
Mamiko Seeds,mamiko
Mamut Seeds,mamut
Mana House Hawaii,manahousehawaii
Mandala Seeds,mandala
Mandalorian Genetics,mandalorian
Mandragora´s Seed Bank,mandragorasseed
Mangoroots420,mangoroots420
Mantis Genetics,mantis
Maritime Seeds,maritime
Marrs Cult,marrscult
MarshOnGenetics,marshon
Marshall Seeds,marshall
MarvsTerphuntLabs,marvsterphuntlabs
Masonic Seeds,masonic
Masonrie Genetics,masonrie
MassMedicalStrains,massmedicalstrains
Massive Creations,massivecreations
Massive Seeds,massive
Master Thai,masterthai
Masterpeace Seeds,masterpeace
Matanuska Thunder Seeds,matanuskathunder
Matchmaker Genetics,matchmaker
Maui Jane Seed Co.,mauijaneseed
Max Select Seeds,maxselect
Maxpowers,maxpowers
Mc Nizzle Seeds,mcnizzle
Mdanzig,mdanzig
Mean Beanz,meanbeanz
Med-Man Brand,medmanbrand
Medgrower1 Seed Company,medgrower1seed
Medical Flower Seeds,medicalflower
Medical Marijuana Genetics,medicalmarijuana
Medical Seeds Co.,medicalseeds
Medicann Seeds,medicann
Medtree,medtree
Medusa Cannabis Co.,medusacannabis
Meeko Genetics,meeko
Mega Buds,megabuds
Melvanetics,melvanetics
Mendo Dope Farms,mendodope
Meows Trap Seeds,meowstrap
Mephisto Genetics,mephisto
Meraki Genetics,meraki
MexiWeed,mexiweed
Michicalirado,michicalirado
Michiganrootz420,michiganrootz420
Micro Breeding Genetics,microbreeding
Microbe Alchemist,microbealchemist
Microgenetica,microgenetica
Midnight Roots Genetics,midnightroots
Mids Master Mike,midsmastermike
Midwest Best,midwestbest
Mighty Irish Seeds,mightyirish
Mighty Mite Seed Company,mightymiteseed
Mike Crowe Seedery,mikecroweseedery
Mile High Seeds,milehigh
Ministry of Cannabis,ministryofcannabis
Mo Stanky Danks,mostankydanks
Moab Genetix,moab
Mobties609,mobties609
Moe Yield,moeyield
Mogwai Genetics,mogwai
Moksha Seed Co,mokshaseed
Moldavite Genetix,moldavite
Monkey Genetics,monkey
Monster Breeders Association,monsterbreedersassociation
Monster Flowers,monsterflowers
Monster Genetics,monster
Monster Seeds Uruguay,monsterseedsuruguay
Monsterbud Geneticz,monsterbudgeneticz
Morcilla Dulce,morcilladulce
More Love Farms,morelove
Morgansoasis,morgansoasis
Moscaseeds,mosca
Most Wanted Genetics,mostwanted
Motarebel,motarebel
Mother Chucker's Seeds,motherchuckers
Mother Labs,motherlabs
Motherland Genetics,motherland
Motherlode Seeds,motherlode
Mount Zion Seed Cooperative,mountzionseedcooperative
Mountain Flowers,mountainflowers
Mountain Top Seeds,mountaintop
Mower Genetics,mower
Moxie 710,moxie710
Mr. C Seeds,mrc
Mr. Ghost Genetics,mrghost
Mr. Green Genetics,mrgreen
Mr. Green Jeans Genetics,mrgreenjeans
Mr. Hide Seeds,mrhide
Mr. Macblunts,mrmacblunts
Mr. Natural Seeds,mrnatural
Mr Coolsmoke,mrcoolsmoke
Mr Grow Guy,mrgrowguy
Mr H Genetics,mrh
Mr Nice Seedbank,mrniceseed
Mtngreens,mtngreens
Mudballs,mudballs
Mudro Seeds,mudro
Mutterschiff,mutterschiff
Mycotek,mycotek
Myers Creek Cannabis Seeds,myerscreekcannabis
Mylogrow,mylogrow
Myn Lit,mynlit
Mystery Genetics,mystery
Mystic Seeds,mystic
Mythical Selections,mythicalselections
MzJill Genetics,mzjill
misterD Farmhouse,misterdfarmhouse
N.Y.Ceeds,nyceeds
NBG Seed Co.,nbgseed
NM Greenfire,nmgreenfire
NOT found Genetics,notfound
NPG Seeds,npg
NXT LVL Organics,nxtlvlorganics
Naledi Seeds,naledi
Namek Gen8x,namekgen8x
Narasimha,narasimha
NartoX,nartox
Nasha Genetics,nasha
Nasty Nature Genetics,nastynature
Nasty Nugz Seed Co.,nastynugzseed
Nathan's Garden,nathansgarden
Nation Of Kamas,nationofkamas
Nativ Canna,nativcanna
Nativa Seeds,nativa
Nativo Club,nativoclub
Natural Budtender,naturalbudtender
Natural Genetics Seeds,naturalgenetics
Nectar Seeds,nectar
NemeSeeds,neme
Nerds Genetics,nerds
New420Guy Seeds,new420guy
New England Genetics,newengland
New Era Genetics,newera
Newclear Genetics,newclear
Newt Brothers Genetics,newtbrothers
Next Generation Seed Company,nextgenerationseed
Next Level Michigan Seed Co.,nextlevelmichiganseed
Nguni Seeds,nguni
Niagara Ganja Farmer Genetics,niagaraganjafarmer
Night Owl Seeds,nightowl
Nikko Genetics,nikko
Nilsson Seeds,nilsson
Nimbus Seed Co.,nimbusseed
Nine Weeks Harvest,nineweeksharvest
Nirvana Seeds,nirvana
No Border Seeds,noborder
No Filter Genetics,nofilter
No Mercy Supply,nomercy
NoTill.HankHill,notillhankhill
No Till Punk,notillpunk
Noble Genetics,noble
Nomad Seed Bank,nomadseed
NorStar Genetics,norstar
Norden Seeds,norden
Nordic Breed Seeds,nordicbreed
Nordland Seeds,nordland
North East Hemp,northeasthemp
North Genetics,north
NorthernGrowz,northerngrowz
Northern Virginia Hemp Company,northernvirginiahemp
Noshowmogrow,noshowmogrow
Noyes Boys Genetics,noyesboys
Nuf Ced,nufced
Nuggy’s Seed Company,nuggysseed
Nugs 420,nugs420
Nuka Seeds,nuka
Nutty North Genetics,nuttynorth
Nyxclusives Genetics,nyxclusives
OA Seeds,oa
OG'naj Genetics,ognaj
OGG FAMILY,oggfamily
OG Labs,oglabs
OG Raskal Genetics,ograskal
Obsoul33t Genetics,obsoul33t
Ocean Grown 562,oceangrown562
Ocean Grown Seeds,oceangrown
Odyssey Genetics,odyssey
Off Grid Seed Co.,offgridseed
Offensive Selections,offensiveselections
Og Michigan Farm Seeds,ogmichigan
OhMyGarden,ohmygarden
Ohms Seeds,ohms
Okie Beans,okiebeans
Ola Dog,oladog
Old Dreams Genetics,olddreams
Old Dutch Genetics,olddutch
Old J Seeds,oldj
Old Orchard Seed Co,oldorchardseed
Old School Genetics,oldschool
Old School Soulder,oldschoolsoulder
Old Time Seeds,oldtime
Old World Organics,oldworldorganics
Olfactory Genetics,olfactory
Olympia Genetics,olympia
Olympic Seeds,olympic
Ol’Dirty Greenthumb,oldirtygreenthumb
Omni Seeds,omni
Omuerta Genetix,omuerta
On The Vine Genetics,onthevine
One Love Genetics,onelove
One Premium CBD Seeds,onepremiumcbd
Oni Seed Co,oniseed
Only Clones,onlyclones
Only Grow Killer Seed Compay,onlygrowkillerseedcompay
Open Source Genetics,opensource
Operation Vet Grow,operationvetgrow
Optimus Seeds,optimus
Oracle Seeds Bank,oracleseeds
Order of the White Lotus Seed Company,orderofthewhitelotusseed
Oregon Green Seed,oregongreen
Oregon Limited Edition,oregonlimitededition
Oregon Microgrowers Guild,oregonmicrogrowersguild
Organarchist,organarchist
Organic Earth Seeds,organicearth
Organic Gardeners,organicgardeners
Organic Seeds,organic
OriginSeeds,origin
Original Sensible Seeds,originalsensible
Original Strains,originalstrains
Ostara Seeds,ostara
Otter Grows,ottergrows
OutATime Genetics,outatime
PEV Seeds Bank,pevseeds
PNW Cultivar,pnwcultivar
PRK PTL,prkptl
Pacha's Select,pachasselect
Pacific NW Roots,pacificnwroots
Pagoda Seeds,pagoda
Paisa Grow Seeds,paisagrow
Pakalolo Seed Moloka'i Hawaii,pakaloloseedmolokaihawaii
Palaces Seeds,palaces
Panacea Medical Seeds,panaceamedical
Panoramix Genetics,panoramix
Panther Genetics,panther
Papermaker Genetix,papermaker
Parabellum Genetics,parabellum
Paradise Seeds,paradise
Pastries,pastries
Patchwerk Genetics,patchwerk
Pathetic Genetics,pathetic
Paul N Chuck Seeds,paulnchuck
Pax Genetics,pax
Peak Genetics,peak
Peak Seeds BC,peakseedsbc
Peekaboo Point,peekaboopoint
People Under The Stairs Genetics,peopleunderthestairs
Pepita Seeds,pepita
Perfect Tree,perfecttree
Petal Power Seed Co,petalpowerseed
Petepacks,petepacks
Phat Panda,phatpanda
Pheno Farm Seeds,pheno
Pheno Finder Seeds,phenofinder
Pheno Hound Genetics,phenohound
Phil Blunts Genetics,philblunts
Phillyterpz,phillyterpz
Philosopher Seeds,philosopher
Phish Farm Organics,phishfarmorganics
Phoenix Seeds,phoenix
Piff Coast Farms,piffcoast
Pigeons Buggin,pigeonsbuggin
Pilchard's - Caviar Bodega,pilchardscaviarbodega
Pillopaus Genetics,pillopaus
Pinehurst,pinehurst
Pink House,pinkhouse
Pipeline Genetics Company,pipelinegenetics
Pisces Genetics,pisces
Pistl Positive Creations,pistlpositivecreations
Pitt Bully,pittbully
Plantamaster Seeds,plantamaster
Plantation Premium Seeds,plantationpremium
Plantformers,plantformers
Polar Bear Genetics,polarbear
Pollen Nation Elite Genetics,pollennationelite
Pollen Wizard,pollenwizard
Pompous Seeds,pompous
Pop Seeds Collective,popseedscollective
Poppa Pain Strains,poppapainstrains
Pornoseeds,porno
Positronics,positronics
Pot Valley Seeds,potvalley
Pothead Genetics,pothead
Power Seeds,power
Powered by Diesel,poweredbydiesel
Prairie State Genetix,prairiestate
Prana Seeds,prana
PreFloodGenetics,preflood
Precursor Genetics,precursor
Prehistoric Enterprises,prehistoric
Prempavee Thai Landraces,prempaveethailandraces
Preservation Genetics,preservation
Pretty Good Plants,prettygoodplants
Prima,prima
Primatehighest,primatehighest
PrimeShift Genetics,primeshift
Primordial Beanz,primordialbeanz
Pro Seed,pro
Pro Terp Genetics,proterp
Professional Genetics Seeds,professionalgenetics
Professor Bonemeal's Gentics,professorbonemealsgentics
Projects Seeds,projects
Prolific Coast Seeds,prolificcoast
Pronoia Seeds,pronoia
Propaganja Seeds,propaganja
Psycho Seeds 最高大麻種子,psycho
Pua Mana Pakalolo,puamanapakalolo
Puff Puff Pass Cultivars,puffpuffpasscultivars
Puget Sound Seeds,pugetsound
Pukka Seeds,pukka
Puppets Genetics,puppets
Pura Vida Seeds,puravida
Pure Breeding,purebreeding
Pure Instinto,pureinstinto
Pure Melt,puremelt
Pure Michigan Genetics,puremichigan
Pure Regular Seeds,pureregular
Pure Seeds,pure
Pure Sunfarms,puresun
Purple Caper Seeds,purplecaper
Purple City Genetics,purplecity
Purple Cyrus Genetics,purplecyrus
Pyramid Seeds,pyramid
pHeno pHarm Strains,phenopharmstrains
Quantamon Seeds,quantamon
Quebec Cannabis Seeds,quebeccannabis
Queen Seeds,queen
Quentin Terpentino Genetics,quentinterpentino
Quest Genetics,quest
R-KIEM Seeds,rkiem
REX Seeds 1989,rexseeds1989
ROC Seeds,roc
RTR Genetics,rtr
RabbitWhiteAF,rabbitwhiteaf
Rabid Genetics,rabid
Rage City Genetics,ragecity
Rainja,rainja
Rapper' Weed Genetics,rapperweed
Rare Breed Humboldt,rarebreedhumboldt
Rare Dankness Seeds,raredankness
Rare Terps,rareterps
Rarebreed Genetics,rarebreed
Raro Genetics Farm,rarogenetics
Rated Gas Genetics,ratedgas
Raw Genetics,raw
Rays 420 Seeds,rays420
Reacher Genetics,reacher
Real Gorilla Seeds,realgorilla
Realpotency,realpotency
Rebel Grown,rebelgrown
Rebel Seeds,rebel
Rebellion Seeds,rebellion
Reberth Genetics,reberth
Red-Eyed Weed Frog,redeyedweedfrog
Red Bee Seeds,redbee
RedEyed Genetics,redeyed
Red Scare Seed Company,redscareseed
ReeferMadness Genetics,reefermadness
Reggae Seeds,reggae
Regular Seed's French Legacy,regularseedsfrenchlegacy
Relentless Genetics,relentless
Relic Seeds,relic
Ren Hai,renhai
Reserva Privada,reservaprivada
Reservoir Seeds,reservoir
Resin Genetics,resin
Resin Seeds,resin
Reverse Genetics,reverse
Rey Genetics,rey
Rheinland Genetics,rheinland
Rinse’s Reserve,rinsesreserve
Riot Seeds,riot
Ripper Seeds,ripper
Riptide Seeds,riptide
Rise and Shine Farms,riseandshine
Rising Sun Cultivars,risingsuncultivars
Robin Hood Seeds,robinhood
RocBudInc,rocbud
Rocky Redz Genetics,rockyredz
Rocsolo Genetics,rocsolo
Rodd Double D,rodddoubled
Roiltree,roiltree
Rokerij Seeds,rokerij
Romulan Genetics,romulan
Ronin Garden,roningarden
Roor Seeds Amsterdam,roorseedsamsterdam
Root Orgin Seed Co,rootorginseed
Roots 6.4 Gardens,roots64gardens
Rootzways,rootzways
Rothko,rothko
Round Boy,roundboy
Round Table Selections,roundtableselections
Royal Dutch Genetics,royaldutch
Royal Jellies,royaljellies
Royal Queen Seeds,royalqueen
Rule 30 Genetics,rule30
Rustikgrower,rustikgrower
SOG Seeds,sog
STAFFTHC,staffthc
STF Exotikz,stfexotikz
Sacred Seed Source Initiative,sacredseedsourceinitiative
Sagarmatha Seeds,sagarmatha
Sagemasta Select,sagemastaselect
Saint Rosin,saintrosin
Saiyan Seeds,saiyan
Sakan Seeds,sakan
Saltseeder,saltseeder
Salve My Body Medicinals,salvemybodymedicinals
Samsara Seeds,samsara
San Seeds,san
Sankara Seeds,sankara
Sannie's Seeds,sannies
Santa Cruz Goatfarm,santacruzgoat
Sanya Sativa Seeds,sanyasativa
SappFire Seeds,sappfire
Sativa Hoarders Seed Co,sativahoardersseed
Sativa Seedbank,sativaseed
Satori Seed Selections,satoriseedselections
Saturn Genetics,saturn
Savage Genetics,savage
Savage Seed Collective,savageseedcollective
Savetreez,savetreez
Scapegoat Genetics,scapegoat
ScareCrow Seeds,scarecrow
Schizm Selections,schizmselections
Sci-Fi Genetics,scifi
Scj Grows,scjgrows
Seach Medical Group,seachmedicalgroup
Sea of Green Farms,seaofgreen
Sea to Sky Alternative Healing,seatoskyalternativehealing
Seattle Chronic Seeds,seattlechronic
Second Generation Genetics,secondgeneration
Secret Boyz,secretboyz
Secret Santa Genetics,secretsanta
Secret Society Seed Co,secretsocietyseed
Secret Valley Seeds,secretvalley
Secretfile Genetic,secretfilegenetic
Seed Attics,seedattics
Seed Bandit seed company,seedbanditseed
Seed Canary,seedcanary
Seed Junky Genetics,seedjunky
SeedStockers,seedstockers
Seed Supplier,seedsupplier
Seedbleed,seedbleed
Seedism Seeds,seedism
Seedmakers Seeds,seedmakers
Seedperson,seedperson
Seeds66,seeds66
Seeds Mafia,seedsmafia
Seedsman,seedsman
Seeds of Africa,seedsofafrica
Seeds of Compassion,seedsofcompassion
Seeds of Life,seedsoflife
Seedy Simon,seedysimon
Sefirot Genetics,sefirot
Sementes Afortunadas,sementesafortunadas
Semyanich,semyanich
Senpai Genetics,senpai
Sensation Seeds,sensation
Sensi Break,sensibreak
Sensi Seeds,sensi
Serious Seeds,serious
Shadow Corporation Genetics,shadowcorporation
Shadow Seeds,shadow
Shaman Genetics,shaman
Shangri-La Genetics,shangrila
Shaolin Genetics,shaolin
Sherbinskis,sherbinskis
Sherpa Seeds,sherpa
Shiro,shiro
Shivaviva,shivaviva
Shoreline Genetics,shoreline
Short-Sleeved Magician,shortsleevedmagician
Short Stuff Seedbank,shortstuffseed
Shuga Seeds,shuga
Siam Seeds,siam
SickMeds Seeds,sickmeds
Siggi Seeds,siggi
Sigma,sigma
Silberhaze Genetics,silberhaze
Silent Seeds,silent
Silver River Seeds,silverriver
Silverback Genetics,silverback
Sin City Seeds,sincity
Sincerely Cali,sincerelycali
Sindicato del kush,sindicatodelkush
Sinisterslim,sinisterslim
Skunk Devil Genetics,skunkdevil
Skunk House Genetics,skunkhouse
Skunken Treasure,skunkentreasure
Skunktek,skunktek
Skunkwerk Genetics,skunkwerk
Skunky Monkey Genes,skunkymonkeygenes
Slabs,slabs
Slanted Farms Seed Company,slantedfarmsseed
Slide Grows,slidegrows
Small Boutique Farms,smallboutique
Smart Plug Cultivars,smartplugcultivars
Smiling Tiger,smilingtiger
Smoke A Lot Seeds,smokealot
Smoke One Genetics,smokeone
SmokeSmith Genetics,smokesmith
Smokedisco,smokedis
Smokingrower,smokingrower
Sneaker Shoes Genetics,sneakershoes
Sniper Seeds,sniper
SnowHigh Seeds,snowhigh
SoCal Seed Collective,socalseedcollective
Socal Seed Vault,socalseedvault
Socraseeds,socra
Soellner Bio Hanf Deluxe,soellnerbiohanfdeluxe
Soil Technician,soiltechnician
Solar Panel,solarpanel
Solfire Gardens,solfiregardens
Solkana Seeds,solkana
Soloud Genetics,soloud
SolshineGrowing,solshinegrowing
Soma Seeds,soma
Sonic-Seeds,sonic
Sonic Seeds,sonic
Souljah Seeds,souljah
Sour Genetics,sour
Source Genetics,source
South Bay Genetics,southbay
South Fork Seed Collective,southforkseedcollective
Southern Humboldt Seeds Collective,southernhumboldtseedscollective
Southern Roots Genetics,southernroots
Southern Star Seeds,southernstar
Souvenir Seed Company,souvenirseed
Soyl's Seeds,soyls
Space GenetiX,space
Space Trooper Genetics,spacetrooper
Spaceman SeedCo,spacemanseed
Span Lion Genetics,spanlion
SpartanLoud,spartanloud
Speed Seeds,speed
Speedrun Seeds,speedrun
Spice of Life Seeds,spiceoflife
Spittinglion Genetics,spittinglion
Spliff Seeds,spliff
Sputnik Seeds,sputnik
Square One Genetics,squareone
Staff Selects,staffselects
Stank Face Seeds,stankface
Stars and Stripes Seed Co,starsandstripesseed
State of The Arts Farm,stateofthearts
Steel Seeds,steel
Sterling Arboretum,sterlingarboretum
Sterquiliniis Seed Supply,sterquiliniisseed
Sticky Bud Bandits,stickybudbandits
Sticky Calyx,stickycalyx
Sticky Fangers Genetics,stickyfangers
Sticky Finger Seeds,stickyfinger
Stickybuds®,stickybuds
Stillwater Genetics,stillwater
Stinky's Genetics,stinkys
Stoic Seed,stoic
Stok'd Genetics,stokd
Stone City Genetics,stonecity
Stone Free Seeds,stonefree
Stoner Genetics,stoner
Stoney Girl Gardens,stoneygirlgardens
Strain Hunters Seed Bank,strainhuntersseed
Strain Reign,strainreign
Strain Station,strainstation
Strainger Seeds,strainger
Strains Breeders Club,strainsbreedersclub
Strains Lab,strainslab
Strait A Genetics,straita
Stranger Seeds,stranger
Strayfox Gardenz,strayfoxgardenz
Street Medic Genetics by Clone Chief,streetmedicgeneticsbyclonechief
SubCool’s The Dank,subcoolsthedank
Sub Rosa Gardens,subrosagardens
Sublime Cannabis,sublimecannabis
Sugar Shack,sugarshack
Sumerian Seeds Bank,sumerianseeds
Summit Smoke,summitsmoke
Sumo Seeds,sumo
Sun Grown Genetics,sungrown
Sunken Treasure Seeds,sunkentreasure
Sunleaf Seed Co,sunleafseed
Sunny Gardens  VT,sunnygardensvt
Sunny Side Up Farms,sunnysideup
Sunny Valley Seed Co,sunnyvalleyseed
Sunnyvale,sunnyvale
Sunrise Side Seeds,sunriseside
Sunset Genetics,sunset
Sunshine Dream Genetics,sunshinedream
Sunshine State Seed Company,sunshinestateseed
Suny Cheeba Cannabis Genetics,sunycheebacannabis
SuperCBDx,supercbdx
Super Guam Cultivation,superguamcultivation
Super Sativa Seed Club,supersativaseedclub
Super Strains,superstrains
Superior Growth Solutions,superiorgrowthsolutions
Supernaturalseeds.uk,supernaturalseedsuk
Superseed Company,superseed
SupraGenetics,supra
Sur Genetics,sur
Sure Fire Seeds,surefire
Surfr Seeds,surfr
Swami Organic Seed,swamiorganic
Swamp Boys Seeds,swampboys
Swamp Donkey Seeds,swampdonkey
Swarovski Breder,swarovskibreder
Sweed Lab,sweedlab
Sweet Funky Breeze Seeds,sweetfunkybreeze
Sweet N Sticky Genetics,sweetnsticky
Sweet Seeds,sweet
Sweet Tooth Seeds,sweettooth
SwissSeeds,swiss
Swordzman,swordzman
Symbiotic Genetics,symbiotic
Syndikate Vault Seedbank,syndikatevaultseed
Synful Seeds,synful
Sátiros Seeds,stiros
sMileHighCity Creations,smilehighcitycreations
seeyouNtea genetics,seeyountea
southdagrowda,southdagrowda
strain-o-verse-genetics,strainoverse
TBS - The Breeders Squad,tbsthebreederssquad
TCVG Shit,tcvgshit
THC Development Seed Company,thcdevelopmentseed
THC Plants Labs,thcplantslabs
TH Seeds,th
TICAL Genetics,tical
TNT Genetics,tnt
Taima Seeds,taima
Talez Of Chronic,talezofchronic
Tall Boy Family Farms,tallboyfamily
Tall Tree Organics,talltreeorganics
Tamaran Vibration,tamaranvibration
Tantric Genetics,tantric
Tarantula Genetics,tarantula
Tastebudz Seeds,tastebudz
Tatewari Tactical,tatewaritactical
Taylor'd Genetics,taylord
Taylormade Selections,taylormadeselections
Team THCtalk Seeds,teamthctalk
TeamingWithTerps,teamingwithterps
Ted Terpene,tedterpene
Tempa Genetics,tempa
Tempest Grove Genetics,tempestgrove
Temple of Terpenes,templeofterpenes
Teonana,teonana
TerpFarmz,terpfarmz
Terp Fi3nd,terpfi3nd
Terp Hogz,terphogz
Terpbenderz Premium Seed Company,terpbenderzpremiumseed
Terpdawg Seeds,terpdawg
Terpenos,terpenos
Terpethic,terpethic
Terpking,terpking
Terp n Seeds,terpn
TerpsGenetics,terps
TerpsnTrichs Genetics,terpsntrichs
Terptown USA,terptownusa
TerpyHighs,terpyhighs
TerpyZ Mutant Genetics,terpyzmutant
TerpyZ X KalySeeds,terpyzxkaly
Terra Firma Exclusives,terrafirmaexclusives
Terrapin Terpenes Genetics,terrapinterpenes
The 7 Dwarfs,7dwarfs
The Agrarian Society,agrariansociety
The Alchemist's Vault,alchemistsvault
The Average Seed Company,averageseed
The Baker BCN,bakerbcn
The Bakery Genetics,bakery
The Bank,
The Bank Genetics,
The Blazing Pistileros,blazingpistileros
The Breed,breed
The Bulldog Seeds,bulldog
The Cali Connection,caliconnection
The Capitan's Connection,capitansconnection
The Captain,captain
The Carolina Collection,carolinacollection
The Crystal Rose Seed Co.,crystalroseseed
The Devil's Harvest Seed Company,devilsharvestseed
The Electro Genetic Seed Company,electrogeneticseed
The Farm Genetics,
The Fire Department,firedepartment
The Global Seedbank,globalseed
The Grass Menagerie,grassmenagerie
The Grateful Seeds,grateful
The Green Highlander Seeds Bank,greenhighlanderseeds
The High Chameleon,highchameleon
The Highlander Cannabis,highlandercannabis
TheHoneyCombFarms,honeycomb
The Horticulture Company,horticulture
The KushBrothers Seeds,kushbrothers
The Landrace Team,landraceteam
The Moon Seeds,moon
The Northfire,northfire
The NugLab,nuglab
TheOGHomeGrownSensi,oghomegrownsensi
The Old Farmer Seeds,oldfarmer
The Oregon Leaf Cultivation,oregonleafcultivation
The Phyton Collective,phytoncollective
The Plant,plant
The Plant Preservation,plantpreservation
The Plant Stable,plantstable
The Plug Seedbank,plugseed
The Ranch,ranch
The Rat’s Stock,ratsstock
The Real Seed Company,realseed
The Seed Bank,seed
The Seed Kompany,seedkompany
The Seekers of Genetic Wisdom,seekersofgeneticwisdom
The Vault Seed Bank,vaultseed
The Vimana Collective,vimanacollective
The Weed Seeds Company,weedseeds
The iSeeds,i
Theraplant,raplant
Therapy Seeds,rapy
Third Eye Genetics,thirdeye
Three Ravens Farm,threeravens
ThugPug Genetics,thugpug
Thunderfudge,thunderfudge
Tiger Trees,tigertrees
Tiki Madman,tikimadman
Tiki Seedbank,tikiseed
Tikum Olam,tikumolam
Timberedge Farms,timberedge
Timmys Garden Genetics,timmysgarden
Tinos Genetics,tinos
Tokyo Seeds,tokyo
Tom Hill,tomhill
Tombstone Trichomes,tombstonetrichomes
Tonglen Song,tonglensong
Tonygreens Tortured Beans,tonygreenstorturedbeans
Top Boy Genetics,topboy
Top Dawg Seeds,topdawg
Top Seedcret,topseedcret
Top Shelf Producer,topshelfproducer
Top Shelf Seeds,topshelf
Top Tao Seeds,toptao
Totemic,totemic
Tower Three,towerthree
Traceseeker,traceseeker
Trade Wind Seed Company,tradewindseed
Tramuntana Seeds,tramuntana
Tree1Four,tree1four
TreeTown Seeds,treetown
Treeheart,treeheart
Treehouse Seeds,treehouse
Treemoney,treemoney
Tree of Life Seeds,treeoflife
Treeology Genetics,treeology
Trich House,trichhouse
Trichome Bros,trichomebros
Trichome Jungle Seeds,trichomejungle
Trichome Kings,trichomekings
Trichome Orchards,trichomeorchards
Tricoma Gold Genetics,tricomagold
Trikoma Seeds,trikoma
Trinity Genetics,trinity
Trip Seeds,trip
Triple C Genetics,triplec
Triple Ott Organics,tripleottorganics
Trippy Kitty Cultivation,trippykittycultivation
Triptoe Seed Co,triptoeseed
Tropical Seeds Company,tropicalseeds
Tropicannimal Genetics,tropicannimal
True Canna Genetics,truecanna
True Grit Genetics,truegrit
Truleaf Medicinal,truleafmedicinal
Trump Seeds,trump
Tsunami Seed Co,tsunamiseed
Tuck N’ Roll Genetics,tucknroll
Turbo702,turbo702
Turbo Flora Genetics,turboflora
Turn It Up Genetics,turnitup
Turnspit Genetics,turnspit
Turp beans,turpbeans
Turpene Time,turpenetime
Turtle's Seed Co,turtlesseed
Twenty 20 Genetics,twenty20
Twin Peaks Cannabis,twinpeakscannabis
Twisty Seeds,twisty
Tykbeech,tykbeech
UFO Genetics,ufo
UKHTA 420,ukhta420
UKSeedCo,ukseed
US SkunkX,usskunkx
Ultra Fire Genetics,ultrafire
Ultra Genetics,ultra
Umami Seed Co,umamiseed
Underground Originals,undergroundoriginals
Underground Seeds Collective,undergroundseedscollective
Underworld Genetix,underworld
Unicorn Boys Genetics,unicornboys
Unicorn Genetics,unicorn
United Cannabis Seeds,unitedcannabis
United Seedbanks,unitedseedbanks
Universally Seeded,universallyseeded
Unknown or Legendary,unknownorlegendary
Unleashed Genetics,unleashed
Unnamed Gen,unnamedgen
Up The Hill Creations,upthehillcreations
Uprising Seed Co,uprisingseed
Upstate Bilo,upstatebilo
Uptowngrowlab Inc.,uptowngrowlab
Urban Legends,urbanlegends
Useful Seeds,useful
Ustad Seeds,ustad
Utopia Farms,utopia
V-BUDS by Krumme Gurken,vbudsbykrummegurken
VAli Co Genetics,vali
V Elementum Seeds,velementum
VIP Seeds,vip
VW Buds,vwbuds
Vagabond Seeds,vagabond
Valencia Genetics,valencia
Valley Exclusives,valleyexclusives
Van Stranz,vanstranz
Vancouver Island Seed Company,vancouverislandseed
Vandal Genetics,vandal
Variety of Cannabis,varietyofcannabis
Vashon Seed and Mercantile,vashonseedandmercantile
Venus Genetics,venus
Verified Genetics,verified
Vermont Seeds,vermont
Vetitum Hortus Seeds,vetitumhortus
Vicious Genetics,vicious
Victory Seeds,victory
Vida Verde Seeds,vidaverde
Viking Gardens,vikinggardens
Viking Seeds,viking
Virgin Seeds,virgin
Vision Seeds,vision
Volcanic Genetics,volcanic
Vulkania Seeds,vulkania
WEST-EU,westeu
WGW Genetics,wgw
Wacky Weed Seeds,wackyweed
Waffle House Genetics,wafflehouse
Wagyu Genetics,wagyu
Walipini Seeds,walipini
Wanted Seeds,wanted
Warlock,warlock
Warped Genetics,warped
Wasserbauernhof,wasserbauernhof
Wavy Flower Company,wavyflower
Weaving Genetics,weaving
Webb Genetics,webb
WeedSeedsExpress,weedseedsexpress
Weed Should Taste Good,weedshouldtastegood
WeedboyGenetics,weedboy
Weird & Limited Genetics,weirdlimited
Wereweedgenetics420,wereweedgenetics420
West Coast Seed Company,westcoastseed
Westco Seed Co,westcoseed
Western Cultured,westerncultured
Westside Gardenz,westsidegardenz
WetCoast Genetics,wetcoast
Whish Seeds,whish
White Buffalo Seed Collective,whitebuffaloseedcollective
White Clouds Genetics,whiteclouds
White Ivory Grove,whiteivorygrove
White Label,whitelabel
White Lightning Seeds,whitelightning
White Raven Seeds,whiteraven
White Woods Genetics,whitewoods
Whitehurst Genetix,whitehurst
Wicked Cheeba,wickedcheeba
Wicked Sowa Seeds,wickedsowa
Wiseguy Genetics,wiseguy
Witch’s Brew Seed Crew,witchsbrewseedcrew
WizardK,wizardk
Wizard Trees,wizardtrees
Wnek's Genetics,wneks
Wolfpack Selections,wolfpackselections
Wonderbrett’s Byrd Seed,wonderbrettsbyrd
World Trade Genetics,worldtrade
World of Seeds Bank,worldofseeds
Wyeast Farms,wyeast
XX GENETIX,xx
Xtreme Seeds Co.,xtremeseeds
xena seed company,xenaseed
YAK,yak
Yankee Seed,yankee
Yardie Seeds,yardie
Yellowhammer Genetics,yellowhammer
Yetis Pheno,yetispheno
Yin Yang Seeds,yinyang
York Genetics,york
Your Highness,yourhighness
ZaZa Genetics,zaza
Zambeza,zambeza
Zamnesia,zamnesia
Zativo,zativo
Zen Genetics,zen
Zenseeds,zen
Zephyr Seeds,zephyr
ZeroDirt Genetics,zerodirt
Zero Gravity Genetics,zerogravity
Zia Farm and Seed,ziafarmand
Zmellz A Pollo,zmellzapollo
Zmoothiez,zmoothiez
Zomia,zomia
Zoo Seeds,zoo
Zoolander Seeds,zoolander
Zorrino Seeds,zorrino
