Phone Number,Dispensary,License,Address,City,Zip code,County,Last updated,latitude,longitude
248-255-1283,High Profile Cannabis Shop; High Profile,DIS000143,"772 S Kingshighway, Ste A",Cape Girardeau,63703,Cape Girardeau,"March 11, 2026",37.2890219,-89.5555881
573-200-6882,Good Day Farm Dispensary; Gdf Dispensary; Good Day Farm,DIS000137,"1330 Broadway Street, Suite B",Cape Girardeau,63701,Cape Girardeau,"March 11, 2026",37.31037,-89.534839
573-279-4020,C Cannabis Dispensary; Codes Cannabis; Codes Cannabis Dispensary; Codes Supreme Cannabis,DIS000138,350 N Kingshighway St,Cape Girardeau,63701,Cape Girardeau,"March 11, 2026",37.3118001,-89.5539234
573-380-3873,Greenlight Dispensary,DIS000139,1001 Broadway,Cape Girardeau,63701,Cape Girardeau,"March 11, 2026",37.293156,-89.577644
816-831-3877,Key Cannabis Dispensary,DIS000111,25 S Kingshighway,Cape Girardeau,63703,Cape Girardeau,"March 11, 2026",37.304871058,-89.552869177
405-343-0490,Grass Roots Dispensary,MBD000015,85 S Plaza Way,Cape Girardeau,63703,Cape Girardeau,"March 11, 2026",37.30502,-89.548285
816-223-7159,"Kansas City Cannabis Co., Kansas City Cannabis, Kc Cannabis, Kcc",DIS000012,149 Crown Hill Rd,Excelsior Springs,64024,Clay,"March 11, 2026",39.3398276,-94.2475626
573-606-0834,C Cannabis Dispensary; Codes Cannabis; Codes Cannabis Dispensary; Codes Supreme Cannabis,DIS000218,3205 Missouri Blvd.,Jefferson City,65109,Cole,"March 11, 2026",38.580161994,-92.237033028
573-462-0890,"Shangri-La, Shangri-La Dispensary",DIS000162,2118 Missouri Blvd,Jefferson City,65109,Cole,"March 11, 2026",38.581838,-92.207142
309-264-3199,Missouri Health & Wellness Dispensary,DIS000147,"1404 Missouri Blvd, Ste A",Jefferson City,65109,Cole,"March 11, 2026",38.578551,-92.192981
816-588-8838,Dream Leaf,DIS000225,8500 Ward Parkway,Kansas City,64114,Jackson,"March 11, 2026",38.974150922,-94.607113960
816-500-2159,"C Cannabis Dispensary, Codes Cannabis, Codes Cannabis Dispensary, Codes Supreme Cannabis",DIS000214,668 E Red Bridge Road,Kansas City,64131,Jackson,"March 11, 2026",38.926206,-94.584353
716-400-9526,The Forest,DIS000207,706 Westport Rd,Kansas City,64111,Jackson,"March 11, 2026",39.051726,-94.595097
620-921-5967,Key Cannabis Dispensary,DIS000204,4716 Ne Vivion Rd,Kansas City,64119,Clay,"March 11, 2026",39.188545,-94.523969
816-674-6195,Kansas City Cannabis Co.; Kc Cannabis Co.; Kcc;  Kc Canna,DIS000199,8170 Nw Prairie View Rd,Kansas City,64151,Jackson,"March 11, 2026",39.24263,-94.65931
734-395-3658,Key Cannabis Dispensary,DIS000078,6820 E Front St,Kansas City,64120,Jackson,"March 11, 2026",39.13088,-94.50294
816-287-4455,Local; Local Cannabis Co.; Local Cannabis Company; Local Dispensary; Song Wellness,DIS000074,1004 W 45th St,Kansas City,64111,Jackson,"March 11, 2026",39.04638,-94.59864
573-694-9973,"Fresh Karma Dispensaries, Fresh Karma",DIS000071,240 E Linwood Blvd,Kansas City,64111,Jackson,"March 11, 2026",39.068511,-94.581537
816-298-7358,Natures Med Dispensary,DIS000072,2631 Ne Vivion Rd,Kansas City,64119,Clay,"March 11, 2026",39.186932,-94.5495317
816-512-9741,Good Day Farm; Good Day Farm Dispensary; Gdf Dispensary,DIS000067,10420 Blue Ridge Blvd,Kansas City,64134,Jackson,"March 11, 2026",38.934447,-94.508623
816-531-3030,Greenlight Dispensary,DIS000069,4900 East Bannister Road,Kansas City,64132,Jackson,"March 11, 2026",38.9534941,-94.5332127
816-531-3030,Greenlight Dispensary,DIS000063,13531 Madison Avenue,Kansas City,64145,Jackson,"March 11, 2026",38.882038,-94.605559
816-806-2130,Clovr,DIS000057,7130 Wornall Rd,Kansas City,64114,Jackson,"March 11, 2026",38.9990101,-94.5939598
314-749-2677,"Proper Brands, Proper Cannabis",DIS000053,10155 And 10157 Wornall Road,Kansas City,64114,Jackson,"March 11, 2026",38.943448010,-94.595968963
310-435-7165,Key Cannabis Dispensary,DIS000050,7025 Prospect Ave,Kansas City,64132,Jackson,"March 11, 2026",38.99896,-94.55665
913-220-0044,OXD SWB LLC,DIS000048,2918 Southwest Blvd,Kansas City,64108,Jackson,"March 11, 2026",39.0747984,-94.6044613
913-220-0044,From The Earth Dispensary,DIS000044,1221 West 103rd St,Kansas City,64114,Jackson,"March 11, 2026",38.941212,-94.606149
913-220-0044,From The Earth Dispensary,DIS000045,6200 Troost Ave,Kansas City,64110,Jackson,"March 11, 2026",39.014841,-94.574581
913-220-0044,From The Earth Dispensary,DIS000046,1222 Mcgee Street,Kansas City,64106,Jackson,"March 11, 2026",39.099026,-94.580115
858-848-4588,Swade Cannabis Dispensary,DIS000021,5901 Nw Barry Rd,Kansas City,64154,Platte,"March 11, 2026",39.246231,-94.648359
614-296-7521,Besame Wellness; Besame Wellness Dispensary; Verts; Verts Dispensary; Verts Neighborhood Dispensary,DIS000017,8606 N Church Rd,Kansas City,64157,Clay,"March 11, 2026",39.246486,-94.456457
816-281-5492,"Sunrise, Sunrise Dispensary, Sunrise Marijuana Dispensary, Dispensary",DIS000014,6510 Nw Pairieview,Kansas City,64151,Platte,"March 11, 2026",39.212967,-94.64177
858-848-4588,"Swade Cannabis Dispensary, Swade Cannabis",DIS000042,1041 Burlington St,Kansas City,64116,Clay,"March 11, 2026",39.12857,-94.580329
833-469-9333,Green Releaf Dispensary,DIS000201,201 S. Mo 291,Lee's Summit,64063,Jackson,"March 11, 2026",38.915688,-94.360661
816-223-7159,"Kansas City Cannabis Co., Kansas City Cannabis",DIS000028,9324 Rt-7 S,Lee's Summit,64064,Jackson,"March 11, 2026",38.946235,-94.275476
417-850-9999,Flora Farms,DIS000076,510 Sw 3rd St,Lee's Summit,64063,Jackson,"March 11, 2026",38.911487,-94.386695
310-435-7165,From The Earth Dispensary; From The Earth; Dispensary,DIS000051,1041 Ne Sam Walton Ln,Lee's Summit,64086,Jackson,"March 11, 2026",38.929111,-94.3631297
314-399-6387,The Heights Cannabis,DIS000209,2024 Mckelvey Rd.,Maryland Heights,63043,St. Louis,"March 11, 2026",38.715644981,-90.453380035
314-223-4468,Tribe Dispensary,DIS000041,12300 Dorsett Rd,Maryland Heights,63043,St. Louis,"March 11, 2026",38.713806578,-90.448771077
248-255-1283,High Profile Cannabis Shop; High Profile,DIS000183,231 Saint Robert Blvd,St. Roberts,65584,Pulaski,"March 11, 2026",37.8258599,-92.160375
314-749-2677,"Proper Brands, Proper Cannabis",DIS000047,7555 Olive Blvd,University City,63130,St. Louis,"March 11, 2026",38.6720548,-90.3343537
660-372-1560,Green Releaf Dispensary,DIS000188,"412 W Coates St, # 101",Moberly,65270,Randolph,"March 11, 2026",39.420663,-92.441092
816-321-2010,Riverside Wellness; Riverside Wellness A Cannabis Dispensary,DIS000019,4403 Nw Gateway Ave,Riverside,64150,Platte,"March 11, 2026",39.174691,-94.61257
816-745-0772,"C Cannabis Dispensary, Codes Cannabis, Codes Cannabis Dispensary, Codes Supreme Cannabis",DIS000170,1905 W Foxwood Dr,Raymore,64083,Cass,"March 11, 2026",38.8126177,-94.490946
660-210-2921,C Cannabis Dispensary; Codes Cannabis; Codes Cannabis Dispensary; Codes Supreme Cannabis,DIS000033,8760 Champions Drive,Taylor,63471,Marion,"March 11, 2026",39.930266,-91.433285
314-749-2677,"Proper Brands, Proper Cannabis",DIS000131,1168 W Gannon Dr,Festus,63028,Jefferson,"March 11, 2026",38.212649,-90.403404
314-749-2677,Proper Cannabis,DIS000116,"2285 Us Highway 67, Ste A",Festus,63028,Jefferson,"March 11, 2026",38.1825658,-90.4432171
573-694-9973,"Fresh Karma Dispensaries, Fresh Karma",DIS000037,10915 Nw 45 Hwy,Parkville,64152,Platte,"March 11, 2026",39.20921,-94.707926
310-435-7165,From The Earth Dispensary; From The Earth; Dispensary,DIS000023,4225 Commonwealth Court,St. Joseph,64503,Buchanan,"March 11, 2026",39.7235266,-94.7925297
573-559-0508,Good Day Farm; Good Day Farm Dispensary; Gdf Dispensary,DIS000135,812 Lester St,Kennett,63857,Dunklin,"March 11, 2026",36.2446034,-90.0697708
248-255-1283,High Profile Cannabis Shop; High Profile,DIS000100,1416 Harvestowne Industrial Dr,St. Charles,63304,St. Charles,"March 11, 2026",38.7415171,-90.60726
636-323-3907,Good Day Farm; Good Day Farm Dispensary; Gdf Dispensary,DIS000126,118 S. Hanley Rd,Clayton,63105,St Louis,"March 11, 2026",38.647993610,-90.334228658
734-412-4600,High Profile Cannabis Shop,DIS000144,1391 Mitchell Rd,West Plains,65775,Howell,"March 11, 2026",36.7128236,-91.8791417
417-419-9333,"C Cannabis Dispensary, Codes Cannabis, Codes Cannabis Dispensary, Codes Supreme Cannabis",DIS000124,1636 Bruce Smith Pkwy,West Plains,65775,Howell,"March 11, 2026",36.7125832,-91.8773354
417-895-8733,Flora Farms,DIS000090,1421 West Highway J,Ozark,65721,Christian,"March 11, 2026",37.070182,-93.221157
314-749-2677,Proper Cannabis; Proper Brands,DIS000158,711 N State Highway 47,Warrenton,63383,Warren,"March 11, 2026",38.81982,-91.14088
620-921-5967,Elevate; Elevate Dispensary; Key Cannabis Dispensary,DIS000099,"202 West St, Ste 1",Nixa,65714,Christian,"March 11, 2026",37.0424569,-93.3037769
573-694-9973,"Fresh Karma Dispensaries, Fresh Karma",DIS000016,2221 N Belt Hwy,St. Joseph,64506,Buchanan,"March 11, 2026",39.786546,-94.80389
816-582-3459,Vertical,DIS000011,908 North Belt Highway,St. Joseph,64506,Buchanan,"March 11, 2026",39.774832013,-94.803979972
877-418-4644,"C Cannabis Dispensary, Codes Cannabis, Codes Cannabis Dispensary, Codes Supreme Cannabis",DIS000226,321 State Hwy O,Steele,63877,Pemiscot,"March 11, 2026",36.016108,-89.868819
734-412-4600,High Profile Cannabis Shop,DIS000130,80 State Hwy O,Steele,63877,Pemiscot,"March 11, 2026",36.017,-89.879
573-712-2980,Blue Sage Cannabis Deli,DIS000132,730 Market St,Farmington,63640,St. Francois,"March 11, 2026",37.791274,-90.436594
417-630-9424,"C Cannabis Dispensary, Codes Cannabis, Codes Supreme Cannabis, Codes Cannabis Dispensary",DIS000153,14747 State Highway 38,Marshfield,65706,Webster,"March 11, 2026",37.340461,-92.937945
314-393-9286,The Forest Dispensary,DIS000231,3016 S Grand Blvd,St. Louis,63118,St. Louis City,"March 11, 2026",38.603047,-90.242069
314-393-9748,Current Cannabis,DIS000228,4455 Telegraph Rd,St. Louis,63129,St. Louis,"March 11, 2026",38.482698020,-90.305088996
314-677-1110,Blue Sage Cannabis Deli,DIS000210,1015 Mccausland Ave,St. Louis,63117,St. Louis City,"March 11, 2026",38.63246,-90.304961
314-223-6680,Kind Goods,DIS000206,1631 S Broadway,St. Louis,63104,St. Louis City,"March 11, 2026",38.60938,-90.199715
636-794-1840,FP3-Grand LLC,DIS000197,6497 Chippewa Ave,St. Louis,63109,St. Louis,"March 11, 2026",38.592834,-90.301549
636-448-6021,Swade Dispensary,DIS000195,4108 Manchester Ave,St. Louis,63110,St. Louis City,"March 11, 2026",38.6277472,-90.2505749
314-619-7177,C Cannabis Dispensary; Codes Cannabis; Codes Cannabis Dispensary; Codes Supreme Cannabis,DIS000119,11420 Concord Village Ave,St. Louis,63123,St. Louis,"March 11, 2026",38.5246907,-90.3572765
314-749-2677,Proper Cannabis; Proper Brands,DIS000112,7417 S Lindbergh Blvd,St. Louis,63125,St. Louis,"March 11, 2026",38.5055983,-90.3251946
618-210-1577,Natures Med Dispensary,DIS000088,234 Kingston Dr,St. Louis,63125,St. Louis,"March 11, 2026",38.518024,-90.281428
314-749-2677,"Proper Brands, Proper Cannabis",DIS000086,9933 Watson Rd,St. Louis,63126,St. Louis,"March 11, 2026",38.556375,-90.395245
314-220-0043,Luxury Leaf,DIS000060,1463 S Vandeventer Ave,St. Louis,63110,St. Louis,"March 11, 2026",38.6240349,-90.2537583
314-223-4468,"Kind Goods, Kind Goods Cannabis Dispensary",DIS000052,2652 Hampton Ave,St. Louis,63139,St. Louis,"March 11, 2026",38.610618,-90.28775
240-418-2120,Cookies Downtown St.Louis,DIS000043,2001 Olive St,St. Louis,63103,St. Louis City,"March 11, 2026",38.632065,-90.20855
314-328-6772,Good Day Farm; Good Day Farm Dispensary; Gdf Dispensary,DIS000038,20 S Euclid Ave,St. Louis,63108,St. Louis City,"March 11, 2026",38.639543,-90.26214
636-262-4163,Root 66 Dispensary,DIS000036,6660 Manchester Ave,St. Louis,63139,St. Louis,"March 11, 2026",38.618601,-90.302115
636-448-6021,Swade Dispensary,DIS000034,2316 Cherokee St,St. Louis,63118,St. Louis,"March 11, 2026",38.5922372,-90.2165129
314-530-7931,Good Day Farms Dispensary; Good Day Farm; Gdf Dispensary,DIS000031,1531 S Broadway,St. Louis,63104,St. Louis City,"March 11, 2026",38.610529629,-90.198576548
573-529-0312,'3fifteen Primo' Or '3fifteen' Or '3fifteen Primo Cannabis',DIS000029,5501 Chippewa St,St. Louis,63109,St. Louis,"March 11, 2026",38.592624,-90.285978
636-487-5795,Feel State Powered By Elevate Dispensary; Swade Cannabis Dispensary,DIS000001,3420 Iowa Ave,St. Louis,63118,St. Louis City,"March 11, 2026",38.593099,-90.22868
636-448-6021,Swade Dispensary,DIS000002,6166 Delmar Blvd,St. Louis,63112,St. Louis City,"March 11, 2026",38.655021,-90.298493
636-262-4163,Root 66 Dispensary,DIS000003,3737 S Grand Blvd,St. Louis,63118,St. Louis,"March 11, 2026",38.588979,-90.244482
636-794-1840,Greenlight,DIS000049,517 S Florissant Rd,Ferguson,63135,St. Louis,"March 11, 2026",38.737000981,-90.302479961
614-296-7521,Besame Wellness Dispensary; Verts; Verts Dispensary;  Verts Neighborhood Dispensary,DIS000128,1803 W Business Us 60,Dexter,63841,Stoddard,"March 11, 2026",36.803291,-89.988856
314-359-1987,"Blue Arrow Botanicals, Budd Dispensary",DIS000171,12077 N State Highway 5,Sunrise Beach,65079,Camden,"March 11, 2026",38.13253,-92.7933
573-374-0212,"Sunrise, Dispensary, Sunrise Dispensary, Sunrise Marijuana Dispensary",DIS000169,23 Spring Cove Rd,Sunrise Beach,65079,Camden,"March 11, 2026",38.15863,-92.77734
573-760-0200,Flora Farms,DIS000141,605 Brunt Blvd,Sikeston,63801,Scott,"March 11, 2026",36.858702,-89.581619
573-380-3783,Greenlight Dispensary,DIS000120,1817 E Malone,Sikeston,63801,Scott,"March 11, 2026",36.882845,-89.577325
573-247-4347,Trinity,DIS000133,205 State Route B,St. James,65559,Phelps,"March 11, 2026",38.007405,-91.617371
636-355-9333,C Cannabis Dispensary; Codes Cannabis; Codes Cannabis Dispensary; Codes Supreme Cannabis,DIS000173,859 Robert Raymond Dr,Lake St. Louis,63367,St. Charles,"March 11, 2026",38.7709448,-90.7821112
872-302-0293,Greenlight Dispensary,DIS000107,218 N. National Avenue,Springfield,65802,Greene,"March 11, 2026",37.210264,-93.27558
314-369-8905,Terrabis,DIS000104,850 E Kearney St,Springfield,65803,Greene,"March 11, 2026",37.240429,-93.281141
816-831-3877,Key Cannabis Dispensary,DIS000102,751 S Glenstone Ave,Springfield,65802,Greene,"March 11, 2026",37.200607,-93.262562
417-708-7751,Good Day Farm Dispensary; Good Day Farm; Gdf Dispensary,DIS000094,1510 E Sunshine St,Springfield,65804,Greene,"March 11, 2026",37.181337,-93.268179
816-556-3101,Revival 98,DIS000095,2782 W Republic Rd,Springfield,65807,Greene,"March 11, 2026",37.13785,-93.335867
417-708-7796,Good Day Farm Dispensary; Good Day Farm; Gdf Dispensary,DIS000096,"3800 W Sunshine St, A",Springfield,65807,Greene,"March 11, 2026",37.18222407,-93.35613335
417-895-8733,"Old Route 66 Dispensary; Drive Thru, Old Route 66 Releaf; Old Route 66 Wellness Dispensary; Delivery",DIS000089,2823 N Glenstone Ave,Springfield,65803,Greene,"March 11, 2026",37.248099,-93.262172
312-925-1217,Hippos Marijuana Dispensary,DIS000087,2868 S Glenstone Ave,Springfield,65804,Greene,"March 11, 2026",37.161136,-93.261736
417-708-7756,Good Day Farm Dispensary; Good Day Farm; Gdf Dispensary,DIS000082,3903 S Campbell Ave,Springfield,65807,Greene,"March 11, 2026",37.1432412,-93.2961978
636-669-8177,Good Day Farm; Good Day Farm Dispensary; Gdf Dispensary,DIS000123,2008 Richardson Road,Arnold,63010,St. Louis,"March 11, 2026",38.418102297,-90.391580042
573-240-9416,Heya Dispensary,DIS000118,100 Strauss Dr,Park Hills,63601,St. Francois,"March 11, 2026",37.842662,-90.497004
573-247-4347,Trinity,DIS000125,803 W Scenic Rivers Blvd Ste A,Salem,65560,Dent,"March 11, 2026",37.635947,-91.543503
417-800-2200,"Blue Sage Cannabis Deli, Come See Your Buds",DIS000097,2929 The Loop,Carthage,64836,Jasper,"March 11, 2026",37.137253,-94.314
816-213-4852,Releaf Resources Dispensary,DIS000077,13836 S Us Highway 71,Grandview,64030,Jackson,"March 11, 2026",38.873415026,-94.528710807
660-722-0420,C Cannabis Dispensary; Codes Cannabis; Codes Cannabis Dispensary; Codes Supreme Cannabis,DIS000192,2004 W Broadway Blvd.,Sedalia,65301,Pettis,"March 11, 2026",38.705681,-93.253472
816-318-9966,Missouri Health & Wellness Dispensary,DIS000146,1801 S Limit Ave,Sedalia,65301,Pettis,"March 11, 2026",38.696133,-93.250642
417-773-4605,Easy Mountain,DIS000110,7827 W. Farm Road 174,Republic,65738,Greene,"March 11, 2026",37.13302,-93.450742
573-568-8421,"Codes Cannabis, Codes Cannabis Dispensary, Codes Supreme Cannabis, C Cannabis Dispensary",DIS000217,4805 Osage Beach Parkway,Osage Beach,65065,Camden,"March 11, 2026",38.139220913,-92.635624536
636-735-9382,Heya Dispensary,DIS000168,4300 N Service Rd,St. Peters,63376,St. Charles,"March 11, 2026",38.798968014,-90.583376983
602-327-3858,Latitude Dispensary,DIS000164,6396 Osage Beach Pkwy,Osage Beach,65079,Camden,"March 11, 2026",38.100316,-92.684625
623-297-9109,The Mint Dispensary,DIS000161,150 Mid Rivers Mall Cir,St. Peters,63376,St. Charles,"March 11, 2026",38.798378,-90.61924
314-223-6680,Kind Goods Medical Dispensary; Kind Goods,DIS000159,3899 Veterans Memorial Pkwy,St. Peters,63376,St. Charles,"March 11, 2026",38.791358,-90.564841996
636-448-6021,Swade Dispensary,DIS000151,146 Jungermann Rd,St. Peters,63376,St. Charles,"March 11, 2026",38.7940233,-90.5770436
636-262-4163,Root 66 Dispensary,DIS000098,"3004 S Saint Peters Pkwy, Ste S",St. Peters,63303,St. Charles,"March 11, 2026",38.7498301,-90.5645648
573-557-4180,Latitude Dispensary,DIS000166,1812 Highway 52,Eldon,65026,Miller,"March 11, 2026",38.33433567,-92.58577392
573-301-9865,Good Day Farm Dispensary; Gdf Dispensary; Good Day Farm,DIS000189,812 Vandiver Dr,Columbia,65202,Boone,"March 11, 2026",38.970580147,-92.326638835
312-925-1217,Hippos Marijuana Dispensary,DIS000190,2500 Broadway Bluffs Dr # 102,Columbia,65201,Boone,"March 11, 2026",38.9475,-92.301122
573-777-9077,Fresh Karma Dispensaries; Fresh Karma,DIS000191,1407 Cinnamon Hill Lane,Columbia,65201,Boone,"March 11, 2026",38.933659,-92.292547
248-255-1283,High Profile Cannabis Shop; High Profile,DIS000182,"1500 Interstate 70 Dr Sw, Suite 1, 2, And 3",Columbia,65203,Boone,"March 11, 2026",38.9640907,-92.3630765
573-529-0312,Greenlight Dispensary,DIS000177,4003 Ponderosa St,Columbia,65201,Boone,"March 11, 2026",38.905627,-92.291698
573-462-0890,"Shangri-La, Shangri-La Dispensary",DIS000172,3919 Peachtree Dr,Columbia,65203,Boone,"March 11, 2026",38.906161,-92.335885
573-462-0890,"Shangri-La, Shangri-La Dispensary",DIS000167,"1401 Creekwood Pkwy, Suite # 102 And 103",Columbia,65202,Boone,"March 11, 2026",38.965055,-92.287841
573-507-6723,Green Releaf Dispensary,DIS000160,204 E Broadway,Columbia,65203,Boone,"March 11, 2026",38.951368,-92.33494
573-719-3252,"C Cannabis Dispensary, Codes Cannabis, Codes Cannabis Dispensary, Codes Supreme Cannabis",DIS000022,2000 Highway 61 S,Hannibal,63401,Ralls,"March 11, 2026",39.68481,-91.407061
636-299-7781,Feel State Dispensary,DIS000055,444 Howdershell Rd,Florissant,63031,St. Louis,"March 11, 2026",38.8047786,-90.3612114
314-353-9817,"Sunrise, Sunrise Marijuana Dispensary, Sunrise Dispensary, Dispensary",DIS000009,8411 N. Lindberg Blvd,Florissant,63031,St. Louis City,"March 11, 2026",38.793456,-90.343132
573-529-0312,3fifteen Primo; 3fifteen; 3fifteen Primo Cannabis; Cookies,DIS000004,11088 New Halls Ferry Rd,Florissant,63033,St. Louis,"March 11, 2026",38.7734,-90.269173
858-848-4588,Swade Cannabis Dispensary; Swade Cannabis,DIS000008,13518 Us-169,Smithville,64089,Clay,"March 11, 2026",39.338501,-94.5844157
816-500-0939,816 Dispensary,MBD000008,"2701 Running Horse Rd, Ste G And H",Platte City,64079,Platte,"March 11, 2026",39.349526,-94.7626062
309-264-3199,Missouri Health & Wellness Dispensary,DIS000145,901 E. First Street,Washington,63090,Franklin,"March 11, 2026",38.553206,-91.000946
636-262-4163,Root 66 Dispensary,DIS000178,"1163 Wentzville Pkwy # 1171, Building C",Wentzville,63385,St. Charles,"March 11, 2026",38.825303,-90.86269
520-307-9708,Natures Med Dispensary,DIS000056,"207 Ne 72nd St, Suites A,B,C",Gladstone,64118,Clay,"March 11, 2026",39.2246659,-94.5781593
314-749-2677,Proper Cannabis,DIS000149,3 Walters Pl,House Springs,63051,Jefferson,"March 11, 2026",38.412662,-90.579482
816-223-7159,"Kansas City Cannabis Co., Kansas City Cannabis",DIS000026,310 S Platte Clay Way,Kearney,64060,Clay,"March 11, 2026",39.3693981,-94.3677142
706-908-9074,Kush21,MBD000011,1980 State St,Poplar Bluff,63901,Butler,"March 11, 2026",36.776043,-90.420933
573-380-3873,Greenlight Dispensary,DIS000122,1435 N. Westwood Blvd,Poplar Bluff,63901,Butler,"March 11, 2026",36.737856,-90.421255
314-369-8905,Terrabis,DIS000027,7766 N Lindbergh Blvd,Hazelwood,63042,St. Louis,"March 11, 2026",38.78705,-90.35019
314-440-1434,Good Day Farm Dispensary;Good Day Farm;Gdf Dispensary,DIS000070,16051 Manchester Rd,Ellisville,63011,St. Louis,"March 11, 2026",38.591458,-90.593969
314-749-2677,Proper Cannabis,DIS000066,15396-15398 Manchester Rd,Ellisville,63011,St. Louis,"March 11, 2026",38.5928039,-90.5619806
636-375-1860,North,DIS000165,1709 State Hwy Z,Pevely,63070,Jefferson,"March 11, 2026",38.289425377,-90.404366618
573-567-5508,Green Releaf Dispensary,DIS000157,3848 S Clark St,Mexico,65265,Audrain,"March 11, 2026",39.133744,-91.892546
314-223-6680,Kind Goods Medical Dispensary; Kind Goods,DIS000193,"14173 Manchester Rd, Ste M",Manchester,63011,St. Louis,"March 11, 2026",38.59429602,-90.49742702
314-369-8905,Terrabis,DIS000117,11062 Olive Blvd,Creve Coeur,63141,St. Louis,"March 11, 2026",38.673293,-90.423911
636-794-1840,Greenlight Dispensary,DIS000018,4451 Brown Rd,Berkeley,63134,St. Louis,"March 11, 2026",38.728465,-90.344046
636-485-5434,Good Day Farm Dispensary; Gdf Dispensary; Good Day Farm,DIS000174,301 Little Hills Industrial Expressway,St. Charles,63301,St. Charles,"March 11, 2026",38.805547011,-90.475691990
816-888-8660,Blue Sage Cannabis Deli,DIS000221,17015-17017 Bel Ray Blvd,Belton,64012,Cass,"March 11, 2026",38.814999,-94.49643
620-921-5967,Key Cannabis Dispensary; Key Dispensary,DIS000180,225 N Cedar Dr,Belton,64012,Cass,"March 11, 2026",38.816729,-94.523747
816-531-3030,Greenlight Dispensary,DIS000175,1408 N State Route 291,Harrisonville,64701,Cass,"March 11, 2026",38.664033,-94.367664
573-380-3873,Greenlight Dispensary,DIS000115,903 E. Washington St.,Hayti,63851,Pemiscot,"March 11, 2026",36.233718,-89.739809
310-435-7165,From The Earth,DIS000065,9010 E State Route 350,Raytown,64133,Jackson,"March 11, 2026",38.997263014,-94.476969994
573-462-0890,Green Releaf Dispensary,DIS000039,824 S 291 Highway,Liberty,64068,Clay,"March 11, 2026",39.23825,-94.434313
858-848-4588,Swade Cannabis,DIS000010,5918 Southview Dr,Liberty,64068,Clay,"March 11, 2026",39.200718836,-94.403960013
417-733-8086,Good Day Farm Dispensary; Gdf Dispensary; Good Day Farm,DIS000198,513 S Ash St,Buffalo,65622,Dallas,"March 11, 2026",37.636196136,-93.104385376
660-627-8690,Codes Cannabis Dispensary - Kirksville,DIS000040,120 S Main St,Kirksville,63501,Adair,"March 11, 2026",40.1940817,-92.5854681
620-921-5967,Key Cannabis Dispensary; Key Dispensary,DIS000024,400 N Baltimore St,Kirksville,63501,Adair,"March 11, 2026",40.19736,-92.571683
309-264-3199,Missouri Health & Wellness Dispensary,DIS000006,215 E Charles St,Kirksville,63501,Adair,"March 11, 2026",40.2208785,-92.5820324
573-752-2952,"Good Day Farm; Good Day Farm Dispensary, Gdf Dispensary",DIS000219,3910 S. Ward Ave,Caruthersville,63830,Pemiscot,"March 11, 2026",36.15669,-89.663745
636-262-4163,Root 66 Wellness,DIS000202,12095 Manchester Rd,Des Peres,63131,St. Louis,"March 11, 2026",38.602588,-90.437101
573-462-0890,Green Releaf Dispensary,DIS000163,2220 E Austin Blvd,Nevada,64772,Vernon,"March 11, 2026",37.835743,-94.325848
614-296-7521,"Besame Wellness Dispensary, Besame Wellness; Verts; Verts Dispensary; Verts Neighborhood Dispensary",DIS000181,1340 Thorton St,Pacific,63069,Franklin,"March 11, 2026",38.486127,-90.757368
636-775-2708,Green Releaf Dispensary,DIS000154,"109 N Lincoln Dr, E",Troy,63379,Lincoln,"March 11, 2026",38.985302,-90.970752
734-412-4600,High Profile Cannabis Shop,DIS000211,3125 Green Mountain Drive,Branson,65616,Taney,"March 11, 2026",36.63254,-93.27875
417-839-5467,Stairway Cannabis Dispensary Branson,DIS000203,1551 State Hwy 248,Branson,65616,Taney,"March 11, 2026",36.664017122,-93.246077529
872-302-0293,Greenlight Dispensary,DIS000092,201 S Wildwood Dr,Branson,65616,Taney,"March 11, 2026",36.631912,-93.262883
660-596-0623,"Good Day Farm Dispensary, Gdf Dispensary, Good Day Farm",DIS000212,319 E Ashley Rd,Boonville,65233,Cooper,"March 11, 2026",38.967643,-92.744108
660-240-1131,C Cannabis Dispensary; Codes Cannabis; Codes Cannabis Dispensary; Codes Supreme Cannabis,DIS000030,941 Washington St,Chillicothe,64601,Livingston,"March 11, 2026",39.776821,-93.552287
636-794-1840,Greenlight Dispensary,DIS000005,9800 Manchester Road Suite C,Rock Hill,63119,St. Charles,"March 11, 2026",38.606634,-90.372565
314-813-3058,Key Cannabis Dispensary,DIS000200,4730 Mid Rivers Mall Drive,Cottleville,63376,St. Charles,"March 11, 2026",38.757699,-90.636424
620-921-5967,Key Cannabis Dispensary; Key Dispensary,DIS000114,1026 Brentwood Blvd,Richmond Heights,63117,St. Louis,"March 11, 2026",38.636922,-90.345261
319-521-1850,Square Grouper; Square Grouper Dispensary,DIS000194,28744 Highway 5,Gravois Mills,65037,Morgan,"March 11, 2026",38.27124,-92.823149
734-412-4600,High Profile Cannabis Shop,DIS000215,42 Arnage Road,Chesterfield,63005,St. Louis,"March 11, 2026",38.668881,-90.613855
312-925-1217,Hippos Marijuana Dispensary,DIS000129,"17409 Chesterfield Airport Rd, G",Chesterfield,63005,St. Louis,"March 11, 2026",38.66894,-90.608083
314-749-2677,Proper Cannabis,DIS000073,10855 Manchester Rd,Kirkwood,63122,St. Louis,"March 11, 2026",38.600105,-90.408641
314-749-2677,"Proper Brands, Proper Cannabis",DIS000208,12430 St. Charles Rock Road,Bridgeton,63044,St. Louis,"March 11, 2026",38.755396,-90.431346
557-223-1872,C Cannabis Dispensary; Codes Cannabis; Codes Cannabis Dispensary; Codes Supreme Cannabis,DIS000184,124 Richard Drive,West Alton,63386,St. Charles,"March 11, 2026",38.860797793,-90.221106433
816-831-3877,Key Cannabis Dispensary,DIS000007,121 S. Walnut Street,Cameron,64429,Clinton,"March 11, 2026",39.739159010,-94.235748041
872-302-0293,Greenlight Dispensary,DIS000108,1729 E 7th St,Joplin,64801,Jasper,"March 11, 2026",37.083935,-94.495915
702-496-3051,"Missouri Made Marijuana, Kabunky, Farm Direct, Low Key",DIS000109,1502 S Range Line Rd,Joplin,64804,Jasper,"March 11, 2026",37.073727,-94.4782423
614-295-7521,Verts; Verts Dispensary; Verts Neighborhood Dispensary,DIS000091,25733 Fir Rd,Joplin,64801,Jasper,"March 11, 2026",37.143683,-94.521907
417-580-0140,Good Day Farm Dispensary; Good Day Farm; Gdf Dispensary,DIS000084,2918 E 20th St,Joplin,64804,Jasper,"March 11, 2026",37.06892,-94.47874
417-850-9999,Flora Farms,DIS000081,4027 Richard Joseph Blvd,Joplin,64804,Jasper,"March 11, 2026",37.043925983,-94.479345006
660-492-5952,"Good Day Farm, Good Day Farm Dispensary, Gdf Dispensary",DIS000156,1730 U.S. Hwy 160,Mindenmines,64769,Barton,"March 11, 2026",37.470484,-94.615945
660-249-2006,"Sunrise, Dispensary, Sunrise Dispensary, Sunrise Marijuana Dispensary",DIS000032,2316 S. Main St,Maryville,64468,Nodaway,"March 11, 2026",40.32321,-94.874671
573-529-0312,'3fifteen Primo' Or '3fifteen' Or '3fifteen Primo Cannabis',DIS000121,839 Meramec Station Rd,Valley Park,63088,St. Louis,"March 11, 2026",38.5602509,-90.4931456
223-488-7346,Blue Sage Cannabis Deli; Blue Sage Cannabis Co.,DIS000080,2093 Smizer Station Rd,Valley Park,63088,St. Louis,"March 11, 2026",38.5371004,-90.4950661
734-395-3658,"Swade Eureka, Llc; Swade",DIS000079,108 C Hilltop Village Center Dr,Eureka,63025,St. Louis,"March 11, 2026",38.5062573,-90.6368038
816-588-8838,Greenlight Dispensary,DIS000224,105 Speedys Dr,Rock Port,64482,Atchison,"March 11, 2026",40.40659,-95.552823
314-223-6680,Kind Goods Medical Dispensary; Kind Goods,DIS000142,"180 Gravois Bluffs Cir, Ste B",Fenton,63026,St. Louis,"March 11, 2026",38.502602986,-90.44498296
636-375-1860,North,DIS000136,929 Peachtree Plaza Dr,Hillsboro,63050,Jefferson,"March 11, 2026",38.220791928,-90.575504434
417-991-3491,"Blue Sage Cannabis Deli, Dispensary Outlet, Come See Your Buds",DIS000187,1210 Deadra Dr,Lebanon,65536,Laclede,"March 11, 2026",37.6685271,-92.6366297
314-266-9903,"C Cannabis Dispensary, Codes Cannabis, Codes Cannabis Dispensary, Codes Supreme Cannabis",DIS000058,10834 Saint Charles Rock Rd,St. Ann,63074,St. Louis,"March 11, 2026",38.733729,-90.39266
314-560-2414,Heya Dispensary,DIS000020,10417a Saint Charles Rock Rd,St. Ann,63074,St. Louis,"March 11, 2026",38.728569,-90.3831382
417-850-9999,Flora Farms,DIS000148,68 E 300th Road,Humansville,65674,Polk,"March 11, 2026",37.828531,-93.616829
417-850-9999,Flora Farms,DIS000106,70 Missouri Ln,Pineville,64856,McDonald,"March 11, 2026",36.503879,-94.2755
734-412-4600,High Profile Cannabis Shop,DIS000101,35 Macadoodle Lane,Pineville,64856,McDonald,"March 11, 2026",36.503445,-94.278075
573-440-0967,C Cannabis Dispensary; Codes Cannabis; Codes Cannabis Dispensary; Codes Supreme Cannabis,DIS000222,1201 Vincent Drive,Perryville,63775,Perry,"March 11, 2026",37.707019,-89.892314
314-709-1745,Missouri Wild Alchemy,DIS000176,2173 W Terra Ln,O Fallon,63366,St. Charles,"March 11, 2026",38.806149,-90.76926
314-369-8905,Terrabis,DIS000155,1172 W Terra Ln,O Fallon,63366,St. Charles,"March 11, 2026",38.804304,-90.732656
618-210-1577,Nature Med Dispensary,DIS000152,1193 Bryan Road,O Fallon,63366,St. Charles,"March 11, 2026",38.790336,-90.737258
660-249-2034,"Sunrise, Dispensary, Sunrise Dispensary, Sunrise Marijuana Dispensary",DIS000186,2750 Nw 7 Highway,Clinton,64735,Henry,"March 11, 2026",38.389079,-93.807519
417-850-9999,Flora Farms,DIS000223,165 Hollister Parkway,Hollister,65672,Taney,"March 11, 2026",36.60619,-93.231651306
417-830-8997,The Dispensary,DIS000093,15335 State Hwy 76,Cassville,65625,Barry,"March 11, 2026",36.671625,-93.864577
248-255-1283,High Profile Cannabis Shop; High Profile,DIS000103,10425 Watson Rd,St. Louis,63127,St. Louis,"March 11, 2026",38.5561128,-90.4040387
417-988-1523,Ozark Mountain Healing,DIS000227,4713 W State Highway 90,Noel,64854,McDonald,"March 11, 2026",36.536264,-94.47471
417-988-6842,Codes Cannabis; Codes Cannabis Dispensary; C Cannabis Dispensary; Codes Supreme Cannabis,DIS000216,3646 State Highway Ac,Cardwell,63829,Dunklin,"March 11, 2026",36.039280510,-90.337518894
636-322-4054,Good Day Farm Dispensary; Good Day Farm; Gdf Dispensary,DIS000179,"1909 N Service Rd E, B",St. Clair,63077,Franklin,"March 11, 2026",38.364414,-90.979097
615-881-0708,Stairway Cannabis Dispensary Blue Springs,DIS000062,490 Sw Mo-7 Hwy,Blue Springs,64015,Jackson,"March 11, 2026",39.01417,-94.27217
816-223-7159,"Kansas City Cannabis Co., Kansas City Cannabis, Kc Cannabis, Kcc",DIS000013,1117 Nw State Route 7,Blue Springs,64015,Jackson,"March 11, 2026",39.031486,-94.273161
636-448-6021,Swade Cannabis - Rolla; Swade Cannabis Dispensary,DIS000196,1031 Kingshighway,Rolla,65401,Phelps,"March 11, 2026",37.944923,-91.782803
573-247-4347,Trinity,DIS000127,"1421 Forum Dr, A1 And B1",Rolla,65401,Phelps,"March 11, 2026",37.954397,-91.7525558
660-596-0625,"Good Day Farm Dispensary, Good Day Farm, Gdf Dispensary",DIS000213,20021 E State Hwy N,Eagleville,64442,Harrison,"March 11, 2026",40.46609,-93.974419
417-272-1105,Fresh Karma Dispensaries; Fresh+Karma Dispensaries,DIS000105,18490 Business 13,Branson West,65737,Stone,"March 11, 2026",36.701522,-93.369104
573-529-0312,'3fifteen Primo' Or '3fifteen' Or '3fifteen Primo Cannabis',DIS000085,18031 Business 13,Branson West,65737,Stone,"March 11, 2026",36.697634,-93.369309
816-831-3877,Key Cannabis Dispensary,DIS000064,6700-6704 Highway N,O'Fallon,63304,St. Charles,"March 11, 2026",38.755104592,-90.697910744
872-302-0293,Greenlight Dispensary,DIS000061,3721 S. Noland Road,Independence,64055,Jackson,"March 11, 2026",39.051987,-94.414464
520-307-9708,Natures Med Dispensary,DIS000059,15823 E Us Highway 24,Independence,64050,Jackson,"March 11, 2026",39.1157,-94.3861399
816-272-1661,Gdf Dispensary; Good Day Farm; Good Day Farm Dispensary,DIS000054,16820 E. Us Highway 24,Independence,64056,Jackson,"March 11, 2026",39.118612,-94.379533
913-220-0044,From The Earth Dispensary,DIS000035,19341 E Us Highway 40,Independence,64055,Jackson,"March 11, 2026",39.029603,-94.354314
314-422-3617,Fresh Karma Dispensaries; Fresh Karma,DIS000229,208 E Young Ave,Warrensburg,64093,Johnson,"March 11, 2026",38.771125793,-93.736740112
858-848-4588,Swade Cannabis Dispensary; Swade Cannabis,DIS000150,219 W Young Ave,Warrensburg,64093,Johnson,"March 11, 2026",38.771593,-93.743182
573-755-0259,C Cannabis Dispensary; Codes Cannabis; Codes Cannabis Dispensary; Codes Supreme Cannabis,DIS000134,2421 E Jackson Boulevard,Jackson,63755,Cape Girardeau,"March 11, 2026",37.366523,-89.640774
