(index),Business Name,Address,Type
0,'1634 Funk',"'394 Communipaw Ave, Jersey City, NJ 07304, USA'",'Recreational cannabis |\nMicrobusiness'
1,'4Twenty Somewhere',"'1938 Union Valley Rd, Hewitt, NJ 07421, USA'",'Recreational cannabis |\nOffers delivery'
2,'A-Z Supply',"'1283 Broad St, Bloomfield, NJ 07003, USA'",'Recreational cannabis'
3,'A21 Wellness',"'2507 US-22, Scotch Plains, NJ 07076, USA'",'Recreational cannabis |\nOffers delivery |\nMicrobusiness'
4,'AC Leef',"'470 N Albany Ave, Atlantic City, NJ 08401, USA'",'Recreational cannabis |\nOffers delivery |\nMicrobusiness'
5,'Altitude Cannabis',"'225 Atlantic City Blvd, Toms River, NJ 08757, USA'",'Recreational cannabis'
6,'Altius NJ',"'60 Delsea Dr N, Glassboro, NJ 08028, USA'",'Recreational cannabis'
7,'Andover Cannabis',"'144-146 Main St, Andover, NJ 07821, USA'",'Recreational cannabis |\nMicrobusiness'
8,'Anja',"'225 Woodbridge Ave, Highland Park, NJ 08904, USA'",'Recreational cannabis |\nOffers delivery'
9,'Atlantic Flower',"'118 White Horse Pike, Egg Harbor City, NJ 08215, USA'",'Microbusiness |\nRecreational cannabis |\nOffers delivery'
10,'Aurum Botanics',"'6 Fort Dix Rd, Pemberton, NJ 08068, USA'",'Recreational cannabis'
11,'Authorized Dealer Dispensary',"'2600 Tonnelle Ave, North Bergen, NJ 07047, USA'",'Recreational cannabis'
12,'Authorized Dealer Dispensary III',"'150 Bay St, Jersey City, NJ 07302, USA'",'Recreational cannabis |\nOffers delivery'
13,'Authorized Dealer Dispensary IV',"'4306 US-130, Willingboro, NJ 08046, USA'",'Recreational cannabis'
14,'Baked by the River',"'8 Church St, Lambertville, NJ 08530, USA'",'Recreational cannabis |\nMicrobusiness'
15,'Bakin’ Bad',"'2834 Atlantic Ave, Atlantic City, NJ 08401, USA'",'Microbusiness |\nRecreational cannabis'
16,"""Benedict's Supply""","'3523 John F. Kennedy Blvd, Jersey City, NJ 07307, USA'",'Recreational cannabis'
17,'BestBuds',"'135 S Broad St, Woodbury, NJ 08096, USA'",'Recreational cannabis |\nOffers delivery'
18,'Blaze Green',"'27 E 33rd St, Paterson, NJ 07514, USA'",'Recreational cannabis'
19,'BLKBRN Cannabis Dispensary',"'176 Woodbridge Ave, Highland Park, NJ 08904, USA'",'Recreational cannabis'
20,'Blue Oak',"'1025 Broad St suite 2, Bloomfield, NJ 07003, USA'",'Recreational cannabis |\nOffers delivery |\nMicrobusiness'
21,'Blue Violets',"'628 Washington St, Hoboken, NJ 07030, USA'",'Recreational cannabis |\nOffers delivery |\nMicrobusiness'
22,'BluLight Cannabis',"'890 Mantua Pike, Woodbury Heights, NJ 08097, USA'",'Recreational cannabis |\nOffers delivery'
23,'Boone Town Provisions',"'677 Myrtle Ave, Boonton, NJ 07005, USA'",'Recreational cannabis'
24,'Botera Harrison',"'701 Frank E Rodgers Blvd N, Harrison, NJ 07029, USA'",'Recreational cannabis'
25,'Botera Union',"'2290 US-22, Union, NJ 07083, USA'",'Recreational cannabis'
26,'Bridge City Collective Dispensary',"'665 Hamilton St, Somerset, NJ 08873, USA'",'Recreational cannabis'
27,'Brotherly Bud Dispensary',"'500 N Black Horse Pike, Mt Ephraim, NJ 08059, USA'",'Recreational cannabis |\nOffers delivery'
28,'Bud 2 Bloom',"'123 Ledgewood Ave #1a, Netcong, NJ 07857, USA'",'Recreational cannabis'
29,'Bud City NJ',"'117 Water St, Newton, NJ 07860, USA'",'Recreational cannabis'
30,"""Buddy's Dispensary""","'203 Main St 1st Floor, Andover, NJ 07821, USA'",'Recreational cannabis'
31,'Budzooka Weed Dispensary',"'142 Broad St, Elizabeth, NJ 07201, USA'",'Recreational cannabis'
32,'Camden Apothecary',"'1205 Haddon Ave, Camden, NJ 08103, USA'",'Recreational cannabis |\nOffers delivery'
33,'Canabhang',"'24 Marshall Hill Rd, West Milford, NJ 07480, USA'",'Recreational cannabis |\nMicrobusiness'
34,'Canna Bar',"'58 Main St, Matawan, NJ 07747, USA'",'Recreational cannabis'
35,'Canna Remedies',"'2175 Spruce St, Trenton, NJ 08638, USA'",'Recreational cannabis'
36,'Cannabis Clubhouse',"'70-72 E Main St, Sussex, NJ 07461, USA'",'Recreational cannabis |\nOffers delivery'
37,'CannaBoy Treehouse',"'57 W South Orange Ave, South Orange Village, NJ 07079, USA'",'Recreational cannabis |\nMicrobusiness'
38,'Cannavibes',"'1 US-46, Elmwood Park, NJ 07407, USA'",'Recreational cannabis |\nMicrobusiness'
39,'Canopy Crossroad',"'9 West St, Red Bank, NJ 07701, USA'",'Recreational cannabis'
40,'Carry-On Cannabis',"'2379 S Black Horse Pike, Williamstown, NJ 08094, USA'",'Recreational cannabis'
41,'Casa Verde Wellness',"'315 US-46, Dover, NJ 07801, USA'",'Recreational cannabis'
42,'Castaway Cannabis',"'6006 US-130, Delran, NJ 08075, USA'",'Recreational cannabis'
43,'Central Jersey Dispensary',"'2 John F Kennedy Blvd, Somerset, NJ 08873, USA'",'Recreational cannabis'
44,'Citi Roots',"'4585 NJ-27, Kingston, NJ 08528, USA'",'Recreational cannabis'
45,'City Leaves',"'2516 Fire Rd, Egg Harbor Township, NJ 08234, USA'",'Recreational cannabis'
46,'CityLeaf Dispensary',"'519 Broadway, Newark, NJ 07104, USA'",'Recreational cannabis |\nOffers delivery |\nMicrobusiness'
47,'Cloud Nine Dispensary',"'513-27 US-22, North Plainfield, NJ 07060, USA'",'Recreational cannabis |\nOffers delivery'
48,'Conservatory Cannabis Company',"'2516 Fire Rd, Egg Harbor Township, NJ 08234, USA'",'Recreational cannabis'
49,'Cookies Harrison',"'335 Angelo Cifelli Dr, Harrison, NJ 07029, USA'",'Recreational cannabis |\nOffers delivery'
50,'Cottonmouth Dispensary',"'10 E Clements Bridge Rd, Runnemede, NJ 08078, USA'",'Recreational cannabis'
51,'CREAM Cannabis Dispensary',"'284 1st St, Jersey City, NJ 07302, USA'",'Recreational cannabis'
52,"""Cuzzie's""","'2750 Mt Ephraim Ave, Camden, NJ 08104, USA'",'Recreational cannabis |\nOffers delivery |\nMicrobusiness'
53,'Dank Poet Dispensary',"'245 E Washington Ave, Washington, NJ 07882, USA'",'Recreational cannabis'
54,'Daylite Cannabis',"'1136 NJ-73, Mt Laurel Township, NJ 08054, USA'",'Recreational cannabis'
55,'Dazed Cannabis - Somerset',"'785 Somerset St, Somerset, NJ 08873, USA'",'Recreational cannabis'
56,'Dispensary of Somerset',"'920 Hamilton St, Somerset, NJ 08873, USA'",'Recreational cannabis'
57,'Dispensary of Union',"'1603 US-22, Union, NJ 07083, USA'",'Recreational cannabis'
58,'Dogwood Green',"'5 Central Ave, West Orange, NJ 07052, USA'",'Recreational cannabis'
59,'Doobiez',"'1612 Union Valley Rd, West Milford, NJ 07480, USA'",'Recreational cannabis |\nOffers delivery'
60,'Earth & Ivy',"'355 George St, New Brunswick, NJ 08901, USA'",'Recreational cannabis |\nOffers delivery'
61,'Earth & Ivy Lakehurst',"'29 Union Ave, Lakehurst, NJ 08733, USA'",'Recreational cannabis |\nOffers delivery'
62,'Elevated by TheCannaBossLady',"'9 Highland Pl, Maplewood, NJ 07040, USA'",'Microbusiness |\nRecreational cannabis'
63,'Elevated Herb',"'1846 NJ-23, West Milford, NJ 07480, USA'",'Recreational cannabis'
64,'Emerald Tea Supply',"'368b Broad St, Bloomfield, NJ 07003, USA'",'Recreational cannabis |\nOffers delivery'
65,'Enlighten Dispensary',"'781 Rte 70 W, Marlton, NJ 08053, USA'",'Recreational cannabis'
66,'Everest Dispensary',"'1226 Atlantic Ave, Atlantic City, NJ 08401, USA'",'Recreational cannabis'
67,"""Evergreen Nature's Remedy""","'1242 NJ-23, Butler, NJ 07405, USA'",'Recreational cannabis'
68,'Evolve Cannabis',"'186 US-130, Bordentown, NJ 08505, USA'",'Recreational cannabis |\nOffers delivery'
69,'Far & Dotter',"'348 Lakehurst Rd, Browns Mills, NJ 08015, USA'",'Recreational cannabis'
70,'Feels of Green',"'474 US-206, Newton, NJ 07860, USA'",'Microbusiness |\nRecreational cannabis'
71,'Fire and Oak',"'5 Washington St, Mt Holly, NJ 08060, USA'",'Recreational cannabis'
72,'Flower & Flame Dispensary',"'601 College Dr, Blackwood, NJ 08012, USA'",'Recreational cannabis'
73,'Flowerbomb Dispensary',"'1108 Clinton Ave, Irvington, NJ 07111, USA'",'Recreational cannabis'
74,'Fresh Dispensary Eatontown',"'315 NJ-35 #5, Eatontown, NJ 07724, USA'",'Recreational cannabis'
75,'Fresh Elizabeth',"'460 Maple Ave, Elizabeth, NJ 07202, USA'",'Recreational cannabis'
76,'G2 Dispensary',"'350 US-46, Rockaway, NJ 07866, USA'",'Recreational cannabis'
77,'Garden Greenz',"'190 Newark Ave, Jersey City, NJ 07302, USA'",'Microbusiness |\nRecreational cannabis |\nOffers delivery'
78,'Garden State Natural Green',"'4597 NJ-27, Kingston, NJ 08528, USA'",'Recreational cannabis'
79,'Gas & Grass Cannabis Recreational Dispensary',"'778 NJ-15 N, Lake Hopatcong, NJ 07849, USA'",'Recreational cannabis'
80,'Ginger Hale',"'814 White Horse Pike, Oaklyn, NJ 08107, USA'",'Microbusiness |\nRecreational cannabis'
81,'Golden Door Dispensary',"'638 Newark Ave, Jersey City, NJ 07306, USA'",'Recreational cannabis |\nOffers delivery'
82,'Good Karma Dispensary',"'579 US-22, North Plainfield, NJ 07060, USA'",'Recreational cannabis'
83,'Got Your Six Dispensary of New Jersey',"'4437 NJ-27, Princeton, NJ 08540, USA'",'Microbusiness |\nRecreational cannabis'
84,'Green Haven Industries',"'402 Elizabeth Ave, Elizabeth, NJ 07206, USA'",'Microbusiness |\nRecreational cannabis'
85,'Green Knight Cannabis',"'831 Hamilton St, Somerset, NJ 08873, USA'",'Recreational cannabis'
86,'Green Lightning Cannabis',"'1503 Taylors Ln, Cinnaminson, NJ 08077, USA'",'Recreational cannabis |\nOffers delivery'
87,'Green Oasis Dispensary',"'632 White Horse Pike, Atco, NJ 08004, USA'",'Microbusiness |\nRecreational cannabis'
88,'Green Wellness Haven',"'1110 N New Rd, Pleasantville, NJ 08232, USA'",'Microbusiness |\nRecreational cannabis'
89,'Greenlight Apothecary',"'15 Bowling Green Pkwy, Lake Hopatcong, NJ 07849, USA'",'Recreational cannabis'
90,'Greenstop Dispensary',"'516 Tonnelle Ave, Jersey City, NJ 07307, USA'",'Recreational cannabis'
91,'GW Leaf Dispensary',"'2143 Rte 4, Fort Lee, NJ 07024, USA'",'Recreational cannabis'
92,'Gynsyng',"'14 S Center St, Merchantville, NJ 08109, USA'",'Recreational cannabis |\nCannabis Consumption Area |\nOffers delivery'
93,'Hackettstown Dispensary',"'321 Mountain Ave, Hackettstown, NJ 07840, USA'",'Microbusiness |\nRecreational cannabis'
94,'Hamm & Chaz Cannabis Dispensary',"'747 West Side Ave, Jersey City, NJ 07306, USA'",'Recreational cannabis'
95,'Happy Leaf',"'200 N White Horse Pike, Somerdale, NJ 08083, USA'",'Microbusiness |\nRecreational cannabis'
96,'Hashery',"'409 NJ-17, Hackensack, NJ 07601, USA'",'Recreational cannabis |\nOffers delivery'
97,'Hashstoria NJ',"'799 Broad St, Newark, NJ 07102, USA'",'Recreational cannabis'
98,'Hello High',"'7685 Black Horse Pike, Hammonton, NJ 08037, USA'",'Recreational cannabis |\nOffers delivery'
99,'Herb Haus',"'300 Washington Ave, Carlstadt, NJ 07072, USA'",'Recreational cannabis'
100,"""Herb's Premium Dispensary""","'757 Franklin Blvd, Somerset, NJ 08873, USA'",'Recreational cannabis'
101,'Herbalicity',"'246 Raritan Ave, Highland Park, NJ 08904, USA'",'Recreational cannabis'
102,'High End Gardens',"'25 Brookside Ave, Sussex, NJ 07461, USA'",'Recreational cannabis'
103,'High Profile Lakehurst',"'145 NJ-70, Lakehurst, NJ 08733, USA'",'Recreational cannabis'
104,'High Profile of Somerdale Dispensary',"'4 N White Horse Pike, Somerdale, NJ 08083, USA'",'Recreational cannabis'
105,'High Rollers Dispensary',"'120 S Indiana Ave, Atlantic City, NJ 08401, USA'",'Recreational cannabis |\nOffers delivery |\nCannabis Consumption Area'
106,'High Street Dispensary',"'811 High St, Hackettstown, NJ 07840, USA'",'Recreational cannabis |\nOffers delivery'
107,'Highway 90',"'90 Old Marlton Pike, Evesham, NJ 08053, USA'",'Recreational cannabis'
108,'Holistic Re-Leaf',"'321 Mt Hope Ave, Rockaway, NJ 07866, USA'",'Recreational cannabis'
109,'Honey Buzz Farms',"'1724 Atlantic Ave, Atlantic City, NJ 08401, USA'",'Recreational cannabis |\nOffers delivery'
110,'HudHaus',"'9001 River Rd, North Bergen, NJ 07047, USA'",'Recreational cannabis |\nOffers delivery'
111,'Hudsonica Inc.',"'1427 Grand St, Hoboken, NJ 07030, USA'",'Recreational cannabis'
112,'HZY Goods',"'19 Prospect St, East Orange, NJ 07017, USA'",'Microbusiness |\nRecreational cannabis |\nOffers delivery'
113,'Indigo',"'302 Crescent Blvd, Brooklawn, NJ 08030, USA'",'Recreational cannabis |\nOffers delivery'
114,'INSA Coastline Dispensary',"'1580 US-9, Cape May Court House, NJ 08210, USA'",'Recreational cannabis'
115,'Island Vibez',"'18 Roosevelt Ave, Plainfield, NJ 07060, USA'",'Microbusiness |\nRecreational cannabis'
116,'J & J Cannabis Dispensary',"'3055 NJ-23 Unit A, Oak Ridge, NJ 07438, USA'",'Recreational cannabis |\nOffers delivery'
117,'Jersey Dispensary',"'638 Communipaw Ave, Jersey City, NJ 07304, USA'",'Microbusiness |\nRecreational cannabis'
118,'Jersey Leaf',"'554 West Side Ave, Jersey City, NJ 07304, USA'",'Microbusiness |\nRecreational cannabis'
119,'Jersey Meds',"'7 NJ-31, Pennington, NJ 08534, USA'",'Recreational cannabis |\nOffers delivery'
120,'Jersey Roots',"'1433 Union Valley Rd, West Milford, NJ 07480, USA'",'Recreational cannabis |\nOffers delivery'
121,"""Jester's Joint""","'70 Easton Ave, New Brunswick, NJ 08901, USA'",'Recreational cannabis'
122,'Joy Leaf',"'711 E 1st Ave, Roselle Park, NJ 07204, USA'",'Recreational cannabis |\nOffers delivery'
123,'Juniper Lane',"'2305 Atlantic Ave, Atlantic City, NJ 08401, USA'",'Recreational cannabis'
124,'Kind Kush',"'279 US-46, Rockaway, NJ 07866, USA'",'Recreational cannabis |\nOffers delivery'
125,'Kine Buds Maywood',"'113 E Passaic St, Maywood, NJ 07607, USA'",'Recreational cannabis'
126,'Kota Canna',"'206 Watchung Ave, Plainfield, NJ 07060, USA'",'Microbusiness |\nRecreational cannabis'
127,'La Vida Gardens',"'523 Washington Ave, Belleville, NJ 07109, USA'",'Recreational cannabis'
128,'Lady L Cannabis',"'547 West Side Ave, Jersey City, NJ 07304, USA'",'Microbusiness |\nRecreational cannabis'
129,'Leaf Haus',"'900 Easton Ave, Somerset, NJ 08873, USA'",'Recreational cannabis'
130,'Leaf Joint',"'391 Central Ave, Jersey City, NJ 07307, USA'",'Recreational cannabis |\nOffers delivery'
131,'Legacy to Lifted',"'490 West Side Ave, Jersey City, NJ 07304, USA'",'Recreational cannabis'
132,'Legal Distribution',"'3112 Atlantic Ave, Atlantic City, NJ 08401, USA'",'Microbusiness |\nRecreational cannabis |\nOffers delivery'
133,'Lemon 22',"'2006 US-22, Scotch Plains, NJ 07076, USA'",'Recreational cannabis |\nOffers delivery'
134,'Loud House',"'112 N 3rd St, Camden, NJ 08102, USA'",'Microbusiness |\nRecreational cannabis'
135,'Mad Hatter Dispensary',"'845 US-1, Avenel, NJ 07001, USA'",'Recreational cannabis'
136,'Main Street Dispensary',"'311 Raritan Ave, Highland Park, NJ 08904, USA'",'Recreational cannabis'
137,'Mass Grown',"'34 Mill St, Mt Holly, NJ 08060, USA'",'Recreational cannabis'
138,'Med Leaf',"'201 Philadelphia Ave, Egg Harbor City, NJ 08215, USA'",'Recreational cannabis'
139,'Memes Danckk World',"'1704 John F. Kennedy Blvd, Jersey City, NJ 07305, USA'",'Recreational cannabis'
140,'Midnight Greens',"'5100 NJ-42, Blackwood, NJ 08012, USA'",'Recreational cannabis'
141,'Milligrams',"'813 E Gate Dr, Mt Laurel Township, NJ 08054, USA'",'Recreational cannabis'
142,'MindLift Dispensary',"'517 Park Ave, Plainfield, NJ 07060, USA'",'Microbusiness |\nRecreational cannabis'
143,'Mister Jones',"'655 US-46, Little Falls Township, NJ 07424, USA'",'Recreational cannabis'
144,'MMD NJ',"'655 Newark Ave, Jersey City, NJ 07306, USA'",'Recreational cannabis |\nOffers delivery'
145,'Moja Life',"'28 S Warren St, Trenton, NJ 08608, USA'",'Microbusiness |\nRecreational cannabis'
146,'Molly Ann Farms',"'256 Belmont Ave, Haledon, NJ 07508, USA'",'Recreational cannabis'
147,'Mountain Dispensary',"'46 NJ-94, Vernon Township, NJ 07462, USA'",'Recreational cannabis |\nOffers delivery'
148,'Mountain View Farmacy',"'74 Oak Ridge Rd, Oak Ridge, NJ 07438, USA'",'Microbusiness |\nRecreational cannabis'
149,'NAR Cannabis',"'4004 Church Rd, Mt Laurel Township, NJ 08054, USA'",'Recreational cannabis'
150,'Natural Apothecary',"'27 Washington Ave, Belleville, NJ 07109, USA'",'Recreational cannabis |\nOffers delivery'
151,'Nature’s Motivation',"'1095 Clinton Ave, Irvington, NJ 07111, USA'",'Microbusiness |\nRecreational cannabis |\nOffers delivery'
152,'Nevaeh Verde Dispensary',"'176 Belmont Ave, Belleville, NJ 07109, USA'",'Recreational cannabis |\nOffers delivery'
153,'New Era Dispensary',"'80-88 Main St, South Bound Brook, NJ 08880, USA'",'Recreational cannabis'
154,'New Frontier Solutions',"'473 E Broadway, Salem, NJ 08079, USA'",'Recreational cannabis'
155,'Nightjar',"'549 Bloomfield Ave, Bloomfield, NJ 07003, USA'",'Recreational cannabis'
156,'Nile of NJ',"'5409 Bergenline Ave, West New York, NJ 07093, USA'",'Recreational cannabis |\nOffers delivery'
157,'Nirvana',"'1134 NJ-73, Mt Laurel Township, NJ 08054, USA'",'Microbusiness |\nRecreational cannabis'
158,'NJ Leaf Keansburg',"'77 NJ-36, Keansburg, NJ 07734, USA'",'Recreational cannabis'
159,'NJ Pure',"'A-10, 4313 US-130, Edgewater Park, NJ 08010, USA'",'Microbusiness |\nRecreational cannabis |\nOffers delivery'
160,'Noire Dispensary',"'171 Maplewood Ave, Maplewood, NJ 07040, USA'",'Microbusiness |\nRecreational cannabis'
161,'Northeast Alternatives Dispensary',"'780 US-130, Hamilton Township, NJ 08691, USA'",'Recreational cannabis'
162,'Nova Farms',"'642 Mantua Pike, Woodbury, NJ 08096, USA'",'Recreational cannabis'
163,'Ohm Theory',"'213 US-46, Elmwood Park, NJ 07407, USA'",'Recreational cannabis'
164,'One Green Leaf',"'95 Lakeview Dr N, Gibbsboro, NJ 08026, USA'",'Recreational cannabis'
165,'Organic Farms',"'2895 Mt Ephraim Ave, Camden, NJ 08104, USA'",'Microbusiness |\nRecreational cannabis'
166,'Organic Fusion Dispensary',"'1114 Springfield Ave, Irvington, NJ 07111, USA'",'Recreational cannabis'
167,'OTC Jersey',"'167 New Jersey Ave, Absecon, NJ 08201, USA'",'Recreational cannabis'
168,'Phasal',"'1100 N Black Horse Pike, Runnemede, NJ 08078, USA'",'Recreational cannabis'
169,'Phula',"'60-62 High St, Mt Holly, NJ 08060, USA'",'Recreational cannabis'
170,'Plant Base',"'148 E 2nd St, Plainfield, NJ 07060, USA'",'Recreational cannabis'
171,'Plantabis',"'2077 US-1, Rahway, NJ 07065, USA'",'Recreational cannabis'
172,'Plantopia',"'37 Main St, Englishtown, NJ 07726, USA'",'Microbusiness |\nRecreational cannabis'
173,'PPP Dispensary',"'3001 Atlantic Ave, Atlantic City, NJ 08401, USA'",'Recreational cannabis'
174,'Premo',"'2 E Front St, Keyport, NJ 07735, USA'",'Recreational cannabis |\nOffers delivery'
175,'Public Absecon',"'792a White Horse Pike, Absecon, NJ 08201, USA'",'Recreational cannabis'
176,'Puffin Store',"'382 George St, New Brunswick, NJ 08901, USA'",'Recreational cannabis |\nOffers delivery'
177,'Pure Blossom',"'2554 Pennington Rd, Pennington, NJ 08534, USA'",'Microbusiness |\nRecreational cannabis |\nOffers delivery'
178,'Pure Natural Vibes',"'470 Prospect Ave, West Orange, NJ 07052, USA'",'Microbusiness |\nRecreational cannabis'
179,'Quality Cannabliss',"'1610 N Black Horse Pike, Blackwood, NJ 08012, USA'",'Microbusiness |\nRecreational cannabis'
180,'Quality Roots',"'850 Rte 70 W, Marlton, NJ 08053, USA'",'Recreational cannabis'
181,'Queen City Remedies',"'1353 South Ave, Plainfield, NJ 07062, USA'",'Recreational cannabis'
182,'Releaf Cannabis',"'1024 S Black Horse Pike, Williamstown, NJ 08094, USA'",'Recreational cannabis'
183,'Releaf Newton',"'78 Mill St, Newton, NJ 07860, USA'",'Recreational cannabis'
184,"""Rollin' Green""","'1011 Arctic Ave, Atlantic City, NJ 08401, USA'",'Recreational cannabis |\nOffers delivery'
185,'RushBudz Dispensary',"'77 Main St, South Bound Brook, NJ 08880, USA'",'Recreational cannabis |\nOffers delivery'
186,'Ruuted',"'14 Main St, Englishtown, NJ 07726, USA'",'Recreational cannabis |\nOffers delivery'
187,'Salt Air Botanicals',"'1127 Arctic Ave, Atlantic City, NJ 08401, USA'",'Microbusiness |\nRecreational cannabis'
188,'Scarlet Reserve Room',"'5 Hamilton Rd, Englishtown, NJ 07726, USA'",'Recreational cannabis |\nOffers delivery'
189,'Sea & Leaf',"'3860 Bayshore Rd, North Cape May, NJ 08204, USA'",'Recreational cannabis'
190,"""Shipwreck'd""","'300 W Sylvania Ave, Neptune City, NJ 07753, USA'",'Recreational cannabis'
191,'Shore House Canna',"'124 Sunset Blvd, Cape May, NJ 08204, USA'",'Recreational cannabis |\nOffers delivery'
192,'Simply Pure Trenton',"'1531 N Olden Ave, Ewing Township, NJ 08638, USA'",'Recreational cannabis'
193,'Sky Cannabis',"'52 E Broad St unit 9, Hopewell, NJ 08525, USA'",'Recreational cannabis'
194,'Social Dispensary',"'614 N Pearl St, Bridgeton, NJ 08302, USA'",'Microbusiness |\nRecreational cannabis'
195,'Somerset Green',"'729 Somerset St, Somerset, NJ 08873, USA'",'Recreational cannabis'
196,'Soulflora',"'2713 NJ-23, Newfoundland, NJ 07435, USA'",'Recreational cannabis |\nOffers delivery'
197,'Sparkology',"'3231 NJ-27, Franklin Park, NJ 08823, USA'",'Recreational cannabis'
198,'Spot 23 LLC',"'2915 NJ-23, Newfoundland, NJ 07435, USA'",'Microbusiness |\nRecreational cannabis'
199,'Springfield Ave Dispensary',"'1070 Springfield Ave, Irvington, NJ 07111, USA'",'Recreational cannabis'
200,'Story Dispensary of Springfield',"'130 US-22, Springfield, NJ 07081, USA'",'Recreational cannabis'
201,'SunnyTien',"'3004 Atlantic Ave, Atlantic City, NJ 08401, USA'",'Recreational cannabis |\nOffers delivery |\nCannabis Consumption Area'
202,'Sussex Pharms',"'54 Main St, Sussex, NJ 07461, USA'",'Microbusiness |\nRecreational cannabis'
203,"""Sweet Leaf's LLC""","'21 S Tennessee Ave, Atlantic City, NJ 08401, USA'",'Recreational cannabis'
204,'Sweetspot Dispensary Maplewood',"'751 Irvington Ave, Maplewood, NJ 07040, USA'",'Recreational cannabis'
205,'Sweetspot River Edge',"'75 Rte 4, River Edge, NJ 07661, USA'",'Recreational cannabis'
206,'Taste of Earth',"'108 Wheat Rd, Buena, NJ 08310, USA'",'Microbusiness |\nRecreational cannabis'
207,'The Cannabis Place',"'1544 John F. Kennedy Blvd, Jersey City, NJ 07305, USA'",'Recreational cannabis |\nOffers delivery'
208,'The Dispensary of Saddle Brook',"'225 US-46, Saddle Brook, NJ 07663, USA'",'Recreational cannabis'
209,'The Frosted Nug at Red Bank',"'22 Bridge Ave, Red Bank, NJ 07701, USA'",'Recreational cannabis'
210,'The G Factory - Recreational Dispensary',"'1848 White Horse Pike, Camden, NJ 08103, USA'",'Recreational cannabis'
211,"'The Goods Supply Co. Victory Gardens, LLC'","'330 S Salem St, Dover, NJ 07801, USA'",'Recreational cannabis'
212,'The Green Initiative',"'1062 Mantua Pike, Wenonah, NJ 08090, USA'",'Recreational cannabis'
213,'The Healing Side',"'2415 Pacific Ave, Atlantic City, NJ 08401, USA'",'Microbusiness |\nRecreational cannabis'
214,'The Honorable Plant',"'123 Bay Ave, Highlands, NJ 07732, USA'",'Recreational cannabis |\nOffers delivery'
215,'The Jersey Joint Dispensary',"'7-11 State St, Glassboro, NJ 08028, USA'",'Recreational cannabis'
216,'The Leaf and Seed Dispensary',"'328 White Horse Pike Unit L, Clementon, NJ 08021, USA'",'Microbusiness |\nRecreational cannabis'
217,'The Library of New Jersey',"'1-3 Washington St, West Orange, NJ 07052, USA'",'Microbusiness |\nRecreational cannabis'
218,'The Medicine Woman',"'660 Tonnelle Ave, Jersey City, NJ 07307, USA'",'Recreational cannabis |\nOffers delivery'
219,'The Other Side Dispensary',"'36 Congress St, Jersey City, NJ 07307, USA'",'Microbusiness |\nRecreational cannabis |\nOffers delivery'
220,'The Retreat - Jersey City Dispensary',"'656 Grand St, Jersey City, NJ 07304, USA'",'Recreational cannabis'
221,'The Social Leaf',"'334 Atlantic City Blvd, Toms River, NJ 08757, USA'",'Microbusiness |\nRecreational cannabis |\nOffers delivery'
222,'The Station Dispensary',"'201 Wright St, Newark, NJ 07114, USA'",'Microbusiness |\nRecreational cannabis'
223,'The THC Shop',"'1740 Atlantic Ave, Atlantic City, NJ 08401, USA'",'Microbusiness |\nRecreational cannabis'
224,'The Wildflower Market',"'1810 Wayside Rd suite a, Eatontown, NJ 07724, USA'",'Microbusiness |\nRecreational cannabis'
225,'Timber 5',"'695 Hamilton St, Somerset, NJ 08873, USA'",'Microbusiness |\nRecreational cannabis'
226,'Township Green',"'15-17 E Scott St, Riverside, NJ 08075, USA'",'Microbusiness |\nRecreational cannabis'
227,'Tree House Co-Op Dispensary',"'326 NJ-73, Voorhees Township, NJ 08043, USA'",'Microbusiness |\nRecreational cannabis'
228,'Treeotics',"'467 Lyons Ave, Newark, NJ 07112, USA'",'Microbusiness |\nRecreational cannabis'
229,'Twisted Hat Cannabis',"'515 Shell Rd, Carneys Point, NJ 08069, USA'",'Microbusiness |\nRecreational cannabis'
230,'Uforia Dispensary',"'138 Griffith St, Jersey City, NJ 07307, USA'",'Microbusiness |\nRecreational cannabis |\nOffers delivery'
231,'Uma Flowers',"'100 Ridgedale Ave, Morristown, NJ 07960, USA'",'Microbusiness |\nRecreational cannabis'
232,'Union Chill',"'204 N Union St, Lambertville, NJ 08530, USA'",'Recreational cannabis'
233,'Unity Rd. Cannabis Shop',"'441 Elizabeth Ave, Somerset, NJ 08873, USA'",'Recreational cannabis'
234,'Urge',"'941 Elizabeth Ave, Elizabeth, NJ 07201, USA'",'Microbusiness |\nRecreational cannabis |\nOffers delivery'
235,'Vigor Dispensary',"'1082 NJ-34, Matawan, NJ 07747, USA'",'Recreational cannabis'
236,'Village Hoboken',"'516 Washington St, Hoboken, NJ 07030, USA'",'Recreational cannabis |\nOffers delivery'
237,'Voltaire NJ',"'47 Mill St, Mt Holly, NJ 08060, USA'",'Recreational cannabis'
238,'West Orange Wellness',"'26 S Valley Rd, West Orange, NJ 07052, USA'",'Recreational cannabis'
239,'Woodbury Wellness',"'818 N Broad St, Woodbury, NJ 08096, USA'",'Recreational cannabis'
240,'Xena NJ',"'759a Bergen Ave, Jersey City, NJ 07305, USA'",'Recreational cannabis'
241,'Zacate',"'Millside Shopping Center II, 4037 US-130, Delran, NJ 08075, USA'",'Recreational cannabis'
242,'Zen Leaf Mount Holly',"'600 High St, Mt Holly, NJ 08060, USA'",'Recreational cannabis |\nOffers delivery'
243,'Apothecarium Dispensary',"'55 S Main St, Phillipsburg, NJ 08865, USA'",'Medicinal cannabis |\nRecreational cannabis |\nExpanded ATC (Both Med & Rec)'
244,'Apothecarium Dispensary',"'1865 Springfield Ave, Maplewood, NJ 07040, USA'",'Expanded ATC (Both Med & Rec) |\nMedicinal cannabis |\nRecreational cannabis'
245,'Apothecarium Dispensary',"'200 NJ-17, Lodi, NJ 07644, USA'",'Expanded ATC (Both Med & Rec) |\nMedicinal cannabis |\nRecreational cannabis'
246,'Ascend',"'325 NJ-15, Wharton, NJ 07885, USA'",'Expanded ATC (Both Med & Rec) |\nMedicinal cannabis |\nRecreational cannabis'
247,'Ascend',"'461-469 West St, Fort Lee, NJ 07024, USA'",'Expanded ATC (Both Med & Rec) |\nMedicinal cannabis |\nRecreational cannabis |\nOffers delivery'
248,'Ascend',"'174 NJ-17, Rochelle Park, NJ 07662, USA'",'Expanded ATC (Both Med & Rec) |\nMedicinal cannabis |\nRecreational cannabis |\nOffers delivery'
249,"""Aunt Mary's Dispensary""","'100 Reaville Ave, Flemington, NJ 08822, USA'",'Expanded ATC (Both Med & Rec) |\nMedicinal cannabis |\nRecreational cannabis'
250,'Ayr Wellness',"'950 US-1, Woodbridge, NJ 07095, USA'",'Expanded ATC (Both Med & Rec) |\nMedicinal cannabis |\nRecreational cannabis'
251,'Ayr Wellness',"'59 Main St, Eatontown, NJ 07724, USA'",'Expanded ATC (Both Med & Rec) |\nMedicinal cannabis |\nRecreational cannabis'
252,'Ayr Wellness',"'2536 US-22, Union, NJ 07083, USA'",'Expanded ATC (Both Med & Rec) |\nMedicinal cannabis |\nRecreational cannabis'
253,'BLOC',"'1075 Easton Ave, Somerset, NJ 08873, USA'",'Expanded ATC (Both Med & Rec) |\nMedicinal cannabis |\nRecreational cannabis'
254,'BLOC',"'501 US-9, Waretown, NJ 08758, USA'",'Expanded ATC (Both Med & Rec) |\nMedicinal cannabis |\nRecreational cannabis'
255,'BLOC',"'1761 N Olden Ave, Ewing Township, NJ 08638, USA'",'Expanded ATC (Both Med & Rec) |\nMedicinal cannabis |\nRecreational cannabis'
256,'Breakwater',"'2 Corporate Dr, East Windsor, NJ 08512, USA'",'Medicinal cannabis'
257,'Breakwater',"'154 Westfield Ave W, Roselle Park, NJ 07204, USA'",'Expanded ATC (Both Med & Rec) |\nMedicinal cannabis |\nRecreational cannabis'
258,"""Brute's Roots""","'6206 Black Horse Pike, Egg Harbor Township, NJ 08234, USA'",'Expanded ATC (Both Med & Rec) |\nMedicinal cannabis |\nRecreational cannabis |\nOffers delivery'
259,"""Brute's Roots-Paulsboro""","'2001 S Delaware St, Paulsboro, NJ 08066, USA'",'Medicinal cannabis |\nRecreational cannabis |\nExpanded ATC (Both Med & Rec)'
260,'Curaleaf',"'191 US-130, Bordentown, NJ 08505, USA'",'Expanded ATC (Both Med & Rec) |\nMedicinal cannabis |\nRecreational cannabis |\nOffers delivery'
261,'Curaleaf',"'4237 US-130, Edgewater Park, NJ 08010, USA'",'Expanded ATC (Both Med & Rec) |\nMedicinal cannabis |\nRecreational cannabis |\nOffers delivery'
262,'Curaleaf',"'640 Creek Rd, Bellmawr, NJ 08031, USA'",'Expanded ATC (Both Med & Rec) |\nMedicinal cannabis |\nRecreational cannabis'
263,'Design 710',"'112 Park Pl, Atlantic City, NJ 08401, USA'",'Expanded ATC (Both Med & Rec) |\nMedicinal cannabis |\nRecreational cannabis'
264,'Downtown FLWR',"'141 Newark Ave, Jersey City, NJ 07302, USA'",'Expanded ATC (Both Med & Rec) |\nMedicinal cannabis |\nRecreational cannabis'
265,'Eastern Green',"'78 NJ-73, Voorhees Township, NJ 08043, USA'",'Expanded ATC (Both Med & Rec) |\nMedicinal cannabis |\nRecreational cannabis'
266,'Garfield Gardens Dispensary',"'517 River Dr, Garfield, NJ 07026, USA'",'Expanded ATC (Both Med & Rec) |\nMedicinal cannabis |\nRecreational cannabis'
267,'Holistic Solutions',"'451 White Horse Pike, Atco, NJ 08004, USA'",'Expanded ATC (Both Med & Rec) |\nMedicinal cannabis |\nRecreational cannabis'
268,'HoneyGrove',"'1337 Blackwood-Clementon Rd, Clementon, NJ 08021, USA'",'Expanded ATC (Both Med & Rec) |\nMedicinal cannabis |\nRecreational cannabis'
269,'Illicit Gardens Dispensary Secaucus',"'30 Wood Ave, Secaucus, NJ 07094, USA'",'Medicinal cannabis'
270,'Monmouth Wellness & Healing (Formerly NJ Leaf)',"'546 Park Ave, Freehold, NJ 07728, USA'",'Expanded ATC (Both Med & Rec) |\nMedicinal cannabis |\nRecreational cannabis'
271,'Monmouth Wellness and Healing',"'359 NJ-35, Cliffwood, NJ 07721, USA'",'Medicinal cannabis'
272,'Monteverde NJ',"'45 Bridge Ave, Red Bank, NJ 07701, USA'",'Expanded ATC (Both Med & Rec) |\nMedicinal cannabis |\nRecreational cannabis'
273,'MPX NJ',"'153 S New York Ave, Atlantic City, NJ 08401, USA'",'Expanded ATC (Both Med & Rec) |\nMedicinal cannabis |\nRecreational cannabis'
274,'MPX NJ',"'5035 Central Hwy, Pennsauken Township, NJ 08109, USA'",'Expanded ATC (Both Med & Rec) |\nMedicinal cannabis |\nRecreational cannabis'
275,'MPX NJ',"'581 Berlin - Cross Keys Rd, Sicklerville, NJ 08081, USA'",'Expanded ATC (Both Med & Rec) |\nMedicinal cannabis |\nRecreational cannabis'
276,'NJ Leaf North Brunswick (Formerly Garden State Botanicals)',"'1345 US-1, North Brunswick Township, NJ 08902, USA'",'Expanded ATC (Both Med & Rec) |\nMedicinal cannabis |\nRecreational cannabis'
277,'Restore NJ',"'300 William Dalton Dr, Glassboro, NJ 08028, USA'",'Medicinal cannabis'
278,'RIPT',"'220 Broadway, Jersey City, NJ 07306, USA'",'Expanded ATC (Both Med & Rec) |\nMedicinal cannabis |\nRecreational cannabis'
279,'RISE',"'145 Rte 4, Paramus, NJ 07652, USA'",'Medicinal cannabis |\nOffers delivery'
280,'RISE',"'196 3rd Ave 3 c, Paterson, NJ 07514, USA'",'Expanded ATC (Both Med & Rec) |\nMedicinal cannabis |\nRecreational cannabis |\nOffers delivery'
281,'RISE',"'26-48 Bloomfield Ave, Bloomfield, NJ 07003, USA'",'Expanded ATC (Both Med & Rec) |\nMedicinal cannabis |\nRecreational cannabis |\nOffers delivery'
282,'Roots Dispensary',"'4402 US-130, Willingboro, NJ 08046, USA'",'Expanded ATC (Both Med & Rec) |\nMedicinal cannabis |\nRecreational cannabis'
283,'Sanctuary Cannabis',"'2581 US-22, Scotch Plains, NJ 07076, USA'",'Expanded ATC (Both Med & Rec) |\nMedicinal cannabis |\nRecreational cannabis'
284,'SilverLeaf Wellness',"'1743 NJ-27, Somerset, NJ 08873, USA'",'Expanded ATC (Both Med & Rec) |\nMedicinal cannabis |\nRecreational cannabis'
285,'Sweet Spot',"'903 White Horse Rd, Voorhees Township, NJ 08043, USA'",'Expanded ATC (Both Med & Rec) |\nMedicinal cannabis |\nRecreational cannabis'
286,'The Botanist',"'2090 N Black Horse Pike, Williamstown, NJ 08094, USA'",'Expanded ATC (Both Med & Rec) |\nMedicinal cannabis |\nRecreational cannabis'
287,'The Botanist',"'35 W Crescent Blvd, Collingswood, NJ 08108, USA'",'Expanded ATC (Both Med & Rec) |\nMedicinal cannabis |\nRecreational cannabis'
288,'The Botanist',"'100 Century Dr, Egg Harbor Township, NJ 08234, USA'",'Expanded ATC (Both Med & Rec) |\nMedicinal cannabis |\nRecreational cannabis'
289,'The Cannabist',"'4476 Black Horse Pike Suite 2, Mays Landing, NJ 08330, USA'",'Expanded ATC (Both Med & Rec) |\nMedicinal cannabis |\nRecreational cannabis'
290,'The Cannabist',"'1062 N Delsea Dr, Vineland, NJ 08360, USA'",'Expanded ATC (Both Med & Rec) |\nMedicinal cannabis |\nRecreational cannabis'
291,'The Cannabist',"'1692 Clements Bridge Rd, Deptford, NJ 08096, USA'",'Expanded ATC (Both Med & Rec) |\nMedicinal cannabis |\nRecreational cannabis'
292,'The Station',"'86 River St, Hoboken, NJ 07030, USA'",'Expanded ATC (Both Med & Rec) |\nMedicinal cannabis |\nRecreational cannabis |\nOffers delivery'
293,'Theo A. Cannabis',"'3059 NJ-27 unit 104, Franklin Park, NJ 08823, USA'",'Expanded ATC (Both Med & Rec) |\nMedicinal cannabis |\nRecreational cannabis'
294,'Theory Wellness',"'461 New York Ave, Trenton, NJ 08638, USA'",'Medicinal cannabis'
295,'Toke Lane - Trenton',"'226 S Broad St, Trenton, NJ 08608, USA'",'Medicinal cannabis |\nRecreational cannabis |\nExpanded ATC (Both Med & Rec)'
296,'URB’N Dispensary',"'378 South St, Newark, NJ 07105, USA'",'Medicinal cannabis |\nRecreational cannabis |\nExpan…ec) |\nCannabis Consumption Area |\nOffers delivery'
297,'Valley Wellness',"'407 US-202, Raritan, NJ 08869, USA'",'Expanded ATC (Both Med & Rec) |\nMedicinal cannabis |\nRecreational cannabis |\nOffers delivery'
298,'Zen Leaf',"'NJ-66, Neptune Township, NJ, USA'",'Expanded ATC (Both Med & Rec) |\nMedicinal cannabis |\nRecreational cannabis |\nOffers delivery'
299,'Zen Leaf',"'117 Spring St, Elizabeth, NJ 07201, USA'",'Expanded ATC (Both Med & Rec) |\nMedicinal cannabis |\nRecreational cannabis |\nOffers delivery'
300,'Zen Leaf',"'3256 Brunswick Pike, Lawrence Township, NJ 08648, USA'",'Expanded ATC (Both Med & Rec) |\nMedicinal cannabis |\nRecreational cannabis |\nOffers delivery'
,,,
